artikel,plattdeutsch,hochdeutsch,sprecher
dat,Aai; de Aaier,Ei,hw
de,Aaierpliumen,Eierpflaume,hw
de,Aaierschoalen,Eierschale,hw
,aaiher,eher,hw
,aais,erst,hw
,aaiste,erste,hw
,aalbern,albern,hw
de,Aarn,"Ernte, Erntezeit",hw
,aas,erst,hw
,achen,"beachten, achten",hw
,achielen,essen (übermäßig),hw
,achte,hinten,hw
,achter,hinter,hw
,achteran,hinterher,hw
,achterheer,hinterher,hw
,achternanner,hintereinander,hw
,achterümme,hintenherum,hw
,af,ab,hw
,afännern,abändern,hw
,afbaalgen,verausgaben,hw
de,Afbidde,"Verzeihung, Entschuldigung",hw
de,Afbidde deon,Verzeihung (um Verzeihung bitten),hw
,afbieten,abbeißen,hw
,afbloaen,abblättern,hw
,afbloasen (afsäggen),absagen,hw
,afböagen,abbiegen,hw
,afbrennen,abbrennen,hw
,afdanken,abdanken,hw
,afdeckeln,rügen,hw
,afdecken,abdecken,hw
,afdeon,abwinken (für belanglos erklären),hw
,afdisken,abräumen (Tisch),hw
,afdöppen,ablösen (Blüte und Stiel vom Obst und Gemüse entfernen),hw
,afdössken,abdreschen (das letzte Getreide dreschen),hw
,afdröagen,abtrocknen,hw
de,Afecke,Winkel (hinterste Ecke),hw
,affienen,abfinden,hw
,affillen,abpellen,hw
,affitken,abstauben (mit dem Gänseflügel),hw
,affreten,abfressen,hw
,afgeiten,abgießen,hw
,afgierm,abgeben,hw
,afglippen,abrutschen,hw
,afgnabbeln,abnagen,hw
,afgresen,abgrasen,hw
de,Afgrund,Abgrund,hw
de,Afgunst,Neid,hw
,afgünstig,neidisch,hw
,afhanden,abhanden,hw
,afhängig (afhängich),abhängig,hw
,afhaulen,abhalten,hw
,afhaulen,abhalten (ein Kind zum Wasserlassen abhalten),hw
,afheoen,abhauen (weglaufen),hw
,afhoaken,abhaken,hw
,afhoarken,abharken,hw
,afhöarn,abhören,hw
,afhocken,abhocken (Getreidefläche wird für die Zwischenfrucht freigetragen),hw
,afjachtern,abhetzen,hw
,afkanzeln,erniedrigen,hw
,afkeoen,abkauen,hw
,afkieken,abgucken,hw
,afkiemen,abkeimen,hw
,afkloppen,abklopfen,hw
,afkniusen,abzweigen,hw
,afköarten,abkürzen,hw
,afkriegen,"abpflücken, abbekommen",hw
,afküen,"ausreden, absprechen",hw
,afkurm van,loskommen von,hw
,afläen,abgewöhnen,hw
,aflaupen,ablaufen,hw
de,Aflegger,Ableger (Pflanze oder Mensch),hw
,aflicken,ablecken,hw
,aflierbern,abliefern,hw
,aflihrnen,ablehnen,hw
,afliuen,abwarten,hw
,afloaen,abladen,hw
,aflünsen,abgaunern,hw
,afmaaihen,abmähen,hw
,afmelken,abmelken (auslaufen der Milchproduktion bei einer Kuh),hw
,afmessen,abmisten,hw
,afmeten,abmessen,hw
,afmoaken,abmachen (vereinbaren),hw
,afmoihen,abmühen,hw
,afmurksen,umbringen,hw
,afnierm,abnehmen,hw
,afplücken,abpflücken,hw
,afreken,abrechnen,hw
,afrieten,abreißen,hw
,afroaen van,abraten von,hw
,afrümen,abräumen,hw
,afsaaien,"abschöpfen (Rahm, Fett)",hw
,afsäggen,"absagen, abkündigen (in der Kirche)",hw
,afsärpen,abseifen,hw
de,Afsatz,Absatz,hw
,afscheiten,abschießen,hw
,afschiehen,abtrennen,hw
,afschillen,abschälen,hw
,afschliuten,abschließen,hw
,afschloan,"abschlagen, verweigern",hw
,afschmicken,abschmecken,hw
,afschmieten,"abwerfen, einbringen",hw
,afschneoen,Schnur ziehen,hw
,afschniehen,abschneiden,hw
,afschoaben,abschaben,hw
,afschobben,abscheuern,hw
,afschobbern,"abarbeiten, entfernen (Erdarbeiten mit der Schüppe)",hw
,afschrappen,abschaben,hw
,afseihn,"absehen von, verzichten",hw
,afsetten,"absetzen, entwöhnen",hw
,afsiupen,ertrinken,hw
,afsiusen,"abwarten, absausen, etwas überstehen",hw
,afsoagen,absägen,hw
,afsperrn,absperren,hw
,afsteerben,absterben,hw
,afsteken,"abstechen (Heu, Stroh … abladen)",hw
,afstoahn,"abgestanden, verzichten auf",hw
,afstörten,"abstoßen, abstürzen",hw
,afsträngen,Zugstränge lösen (bei Zugtieren),hw
,afstriehen,"abstreiten, leugnen",hw
,afstrirpen,abstreifen,hw
,afstruppen,abstreifen (Tabak entrippen),hw
,afstüsseln,abstützen (behelfsmäßig),hw
,afteiken,abzeichnen,hw
dat,Afteiken,Abzeichen,hw
,aftellen,abzählen,hw
,aftoiben,abwarten,hw
,aftrehen,abschreiten,hw
,af un an,"ab und zu, manchmal, hin und wieder",hw
,af un teo,"ab und zu, manchmal",hw
,afwasken,abwaschen,hw
,afwisken,abwischen,hw
de,Aggedoage,Woche (ganze Woche),hw
,ahne,"drin, an",hw
,akkedaaien,"verhandeln, immer wieder über etwas reden",hw
,akkroat,akkurat,hw
de,Allhöarn,Holunder,hw
de,Allhöarnbiehen,Holunderbeeren,hw
de,Allühen,Eigenarten (negativ),hw
de,Altoar,Altar,hw
,Amerikoa,Amerika,hw
de,Amerikoaner,Amerikaner,hw
dat,Amt,"Behörde, Rathaus",hw
uppen,Amte,im Rathaus,hw
,an,an,hw
,anbaaien,anbieten,hw
de,Anbeo,Anbau,hw
,anbeoen,anbauen,hw
,anbienen,anbinden,hw
,anbieten,anbeißen,hw
,anblierken,anbellen,hw
,anbloasen,anblasen (Signal zum Beginn der Treibjagd),hw
,anböagen,anbiegen,hw
,anboiten,anheizen,hw
,anbrennen,anbrennen,hw
dat,Anbrennzel,Angebranntes,hw
,anbucken,"anlehnen, ankuscheln",hw
,anbühen,anheben,hw
,andeinen,anbieten,hw
,an dem sien,wahr sein,hw
,andeon,anreichen (Heu oder Getreide),hw
,andeon (sick wat andeon),"verletzen, Selbstmord",hw
,andössken,andreschen (das erste Getreide dreschen),hw
,andraaihen,"andrehen, aufschwatzen",hw
,andrieben,antreiben,hw
,andröagen,antrocknen,hw
,anecken,anecken (undiplomatisches Verhalten),hw
de,Anfang,Anfang,hw
,anfangen,"anfangen, beginnen",hw
,anfoihen,"anführen, anfahren, zitieren",hw
,anfoihlen,anfühlen,hw
,anfutken,anziehen (geschmacklos),hw
dat,Angebott,Angebot,hw
de,Angehöarige,Angehörige,hw
,angeiten,angießen,hw
de,Angest,Angst,hw
de,Angesthoase,Angsthase,hw
,ängestig (ängestich),ängstlich,hw
,angierm,angeben,hw
,angnabbeln,annagen,hw
,angoahn,"angehen, anfangen",hw
,anhänglik,"anhänglich, treu",hw
,anhaulen,"anhalten, ermahnen",hw
,anheoen,"annageln, erinnern, bitten",hw
de,Anhöachte,Anhöhe,hw
,anhoalen,zunehmen,hw
,anhöarn,anhören,hw
,anhutken,ankleiden (unpassend),hw
,ankeoen,anknabbern,hw
,ankieken,ansehen,hw
,ankloppen,anklopfen,hw
,ankriegen,"anziehen, etwas in Gang setzen",hw
,anküen,"ansprechen, aufschwatzen",hw
,ankurm,ankommen,hw
,ankurm Wierken,Woche (kommende Woche),hw
,anläen,anlernen,hw
,anlaupen,anlaufen,hw
de,Anlegger,Anleger,hw
,anleigen,anlügen,hw
,anlichen,anheben (wenig),hw
,anlicken,anlecken,hw
,anlierbern,anliefern,hw
,anliggen,erinnern (sich erinnern),hw
,anlihrnen,anlehnen,hw
de,Anloage,Anlage,hw
,anmaaihen,anmähen,hw
,anmelken,vormelken (junge Kuh ans Melken gewöhnen),hw
,anmeten,Maßnehmen für die Maßanfertigung,hw
,anmoaken,anmachen,hw
,annanner,aneinander,hw
,anne,an der,hw
,annegeln,annageln,hw
,annen,"an den, an dem",hw
,annen Enne,"am Ende (schließlich, vielleicht)",hw
,annere,andere,hw
,ännern,ändern,hw
,anners,anders,hw
,annersrümme,umgekehrt,hw
,annertiet,"sonst, früher",hw
,"annerwärts, annerwegens",woanders,hw
,annierm,annehmen,hw
,annoomen Kiend,Adoptivkind,hw
,annücken,anknoten,hw
,anpacken,anfassen,hw
,anpierken,ankleben,hw
,anplanten,anpflanzen,hw
,anpöahlen,anpflocken,hw
,anpriesen,anpreisen,hw
,anranzen,anschnauzen,hw
,anrecken,anreichen,hw
,anreken,anrechnen,hw
,anrennen,"anstoßen, rempeln",hw
,anreopen,anrufen,hw
,anrieten,"anreißen, markieren",hw
,anroaen,empfehlen,hw
,anröahrgen,"berühren, anrühren",hw
,anroihen,anrühren,hw
,ansäggen,ansagen,hw
,anscheiten,anschießen,hw
,anschiehen,Geschirr anlegen,hw
de,Anschien,Anschein,hw
,anschieten,"anscheißen, anschwärzen, verpetzen, übervorteilen",hw
,anschloan,"anschlagen, anwachsen, Heilwirkung zeigen, bekannt machen",hw
,anschmieten,"anwerfen (Motor, Putz)",hw
,anschniehen,anschneiden,hw
,anschroien,ansengen,hw
,anschwullen,angeschwollen,hw
dat,Anseihn,"Ansehen, Achtung",hw
,ansetten,ansetzen,hw
,ansiusen,ankommen (schnell),hw
,anspaaien,anspucken,hw
,ansteken,anstechen,hw
,anstellen,"anstellen, sich zieren",hw
,ansticken,"anstecken, anzünden",hw
,anstiehe,anstatt,hw
,anstoahn,anstehen,hw
,anstörten,anstoßen,hw
,ansträngen,Zugstränge befestigen (bei Zugtieren),hw
,anstrengen,anstrengen,hw
,anstrieken,anstreichen,hw
,ant (an dat),"an das, ans",hw
,anteihn,anziehen,hw
,anteiken,"anzeichnen, markieren",hw
,antellen,anzählen,hw
,anticken,anstoßen (sanft),hw
,antrehen,antreten,hw
de,Antwoort,Antwort,hw
,antwoorten,antworten,hw
,anwassen,anwachsen,hw
,anwennen,anwenden,hw
,anwiernen,angewöhnen,hw
,anwiesen,anweisen,hw
de,Appel,Apfel,hw
de,Appelbottern,Apfelmus,hw
de,Appelkeoken,Apfelkuchen,hw
de,Appelkoahn,Boot (abfällig),hw
de,Appelplücker,Apfelpflücker,hw
de,Appelsaft,Apfelsaft,hw
de,Appelstütk,Apfelrest mit Kerngehäuse und Stiel,hw
de,April,April,hw
de,Apteiken,Apotheke,hw
de,Ärhn,"Erde, Boden",hw
de,Ärmitten,Ameisen,hw
de,Ärmittenschärper,Sonderling,hw
de,Asken,Asche,hw
de,Askenkassen,Aschekasten,hw
de,Assen,Achse,hw
dat,Auge,Auge,hw
de,August,August,hw
,auk,auch,hw
,aule,alte,hw
de,Aulen,Eltern,hw
dat,aule Reff,Frau (frech),hw
de,Aulske,"Greisin, alte Frau (abfällig)",hw
,ault,alt,hw
de,Aultjoahrsoabend,Silvester,hw
dat,Austerfüer,Osterfeuer,hw
de,Austerhaaide,"Osterheide (Teil von Frotheim, der im Nordwesten an Hille grenzt)",hw
,Austern,Ostern,hw
dat,Auto,Auto,hw
de,Äxen,Axt,hw
,baaien,bieten,hw
de,Baal,Ball,hw
de,Baalg (Baalch),"Balg, Bauch",hw
de,Baalgen,Wanne (groß),hw
,baalgen,raufen,hw
de,Baalgeraaie,Toberei,hw
de,Baalgreimen (Baalchreimen),Bauchgurt,hw
de,Baalken,"Balken, Bodenraum, Kantholz",hw
de,Baalkenliuken,Bodenluke,hw
de,Babutz,Friseur,hw
de,Backelken,Primel,hw
,backen,backen,hw
de,Backen,Wangen,hw
de,Backenboart,Wangenbart,hw
de,Backentoahn,Backenzahn,hw
de,Bäcker,Bäcker,hw
de,Bäckeraaie,Bäckerei,hw
de,Backetrog (Backetroch),Backtrog,hw
de,Backohmn,Backofen,hw
dat,Backs,Backhaus,hw
de,Backstein,Ziegelstein,hw
de,Backvull,Armvoll,hw
dat,Bad,Heilbad,hw
,bähen,"saufen, Sau ist rauschig",hw
de,Bähentrecker,Bärenführer,hw
dat,Ballerkoorn,Hafer-Bohnengemisch,hw
de,Ballerkopp,Polterer,hw
de,Bammel,Angst,hw
,Bammel hämmen,Angst haben,hw
,bange,ängstlich,hw
de,Bange,Angst,hw
de,Bangeböxen,Angsthase,hw
,bange moaken,einschüchtern,hw
,bange sien,ängstlich sein,hw
de,Bank; de Bänke,Bank,hw
,bannig (bannich),"sehr (viel, scharf, lange …)",hw
,bännigen,bändigen,hw
de,Bansen,Packraum für Getreidegarben,hw
de,Bär,Eber,hw
de,Bär,Bär,hw
,bärde,beide,hw
,bärsk,rauschiges Schwein,hw
dat,Bass,"Baumrinde, Haut, Bast",hw
,bassen,bersten,hw
,Bass ( in Bass kurm),Streit (in Streit geraten),hw
de,Batzen,"Menge (viel, groß)",hw
de,Bauhnen,Bohnen,hw
,baule,bald,hw
de,Baum; de Böame,Baum,hw
de,Baumlöarper,"Spechtmeise, Baumläufer",hw
,Bedacht (mit Bedacht),Überlegung (mit Überlegung),hw
,bedacht sien,überlegt,hw
,bedanken,bedanken,hw
,bedeinen,bedienen,hw
de,Bedenktiet,Bedenkzeit,hw
,bediuern,bedauern,hw
de,Bedragg (Bedrach),Betrag,hw
,bedregen,betragen,hw
,bedreigen,betrügen,hw
de,Bedreiger,Betrüger,hw
,bedrieben,betreiben,hw
,bedroibet,"betrübt, traurig",hw
,bedroopen,betroffen,hw
de,Bedrugg (Bedruch),Betrug,hw
de,Bedrulje,Bedrängnis,hw
,bedrüüst,"betäubt, schwindelig",hw
,bedüüen,bedeuten,hw
,beerg-af (beerch-af),bergab,hw
de,Beerg (Beerch); de Beerge,Berg,hw
,beerg-doal (beerch-doal),bergab,hw
,beerg-rünner (beerch-rünner),bergab,hw
,beerg-up (beerch-up),bergauf,hw
de,Beerken,Birke,hw
dat,Beffken,Beffchen (weißes Beffchen am Talar des Pastors),hw
,befoaten,befassen,hw
,befoihlen,befühlen,hw
,begeiten,begießen,hw
,begierm,begeben,hw
de,Begiermhert,"Begebenheit, Anwesen",hw
,begoabt,begabt,hw
de,Begräfte,Grabstätte,hw
,begrautmiulen,begutachten,hw
,begriepen,begreifen,hw
de,Begriff,Vorstellung von etwas,hw
,begroaben,begraben,hw
,begrünnen,begründen,hw
,behaulen,behalten,hw
,behen,"beten, bitten",hw
de,Behiusung,Behausung,hw
,behoagen,behagen,hw
,behoien,"behüten, beschützen",hw
dat,Beier,Bier,hw
dat,Bein,Bein,hw
dat,Beispierl,Beispiel,hw
dat,Beist,"Biest, Untier",hw
de,Beistmelk,Kolostralmilch (Erstmilch nach der Geburt),hw
,bekehen,bekehren,hw
,bekieken,ansehen,hw
,bekinnen,bekennen,hw
,bekoakeln,bereden,hw
,beköstigen,verpflegen,hw
,bekriegen,"beherrschen, beruhigen, sich umtun",hw
,beküen,besprechen,hw
,beküesk,"gesprächig, redselig",hw
,bekurm,"bekommen, vertragen (in gesundheitlicher Hinsicht)",hw
,belaupen,"belaufen, erledigen",hw
,beleggen,belegen,hw
,beleigen,belügen,hw
,belen,betteln,hw
de,Beleraaie,Bettelei,hw
,beliekteiken,etwas erklären,hw
,belierben,erleben,hw
,bemiegen,"einnässen, anpinkeln",hw
,bemoalen,bemalen,hw
,bemoihen,bemühen,hw
,bemoiten,begegnen,hw
,benierbelt,benebelt,hw
,benierm,benehmen,hw
,benoadeilen,benachteilen,hw
,benömmen,benennen,hw
de,Beo,Bau,hw
dat,Beoed,"Bord, Regal",hw
,beoen,bauen,hw
de,Beokbiener,Buchbinder,hw
dat,Beok; de Boiker,Buch,hw
de,Beokeckern,Bucheckern,hw
de,Beokfink,Buchfink,hw
de,Beokstoabe,Buchstabe,hw
,beokstoabiehen,buchstabieren,hw
de,Beokweiten,Buchweizen,hw
de,Beoplatz,Bauplatz,hw
,berappen,bezahlen,hw
,bereken,berechnen,hw
,bereopen,berufen,hw
de,Beritt,"Bereich, Bezirk",hw
,beriuken,"beriechen, Kontakt aufnehmen",hw
,beroaen,beraten,hw
dat,Berre; de Bedden,Bett,hw
de,Berregoahnstiet,Schlafenszeit,hw
dat,Berreloaken,Bettlaken,hw
de,Berremieger,Bettnässer,hw
de,"Berrestiehe, Bettstiehe",Bettgestell,hw
dat,Berrestrauh,Bettstroh (anstatt Matratze),hw
de,Bertel,Stecheisen,hw
,beschieten,betrügen,hw
,besöamen,besäumen,hw
,besoiken,besuchen,hw
,besonners,besonders,hw
,bespriehen,bespreizen,hw
de,Bessen,Besen,hw
de,Bessenbiener,Besenbinder,hw
de,Bessenrieser,Besenreisig,hw
de,Bessenstierl,Besenstiel,hw
,bestännig (bestännich),beständig,hw
de,Bestännigkert (Bestännichkert),Beständigkeit,hw
,bestellen,bestellen,hw
,bestimmt,bestimmt,hw
,bestriehen,bestreiten,hw
,bet,bis,hw
de,Betand,Wichtigkeit,hw
,beteihn,beziehen,hw
,beteiken,bezeichnen,hw
,beter,besser,hw
de,Beterung,Besserung,hw
,betheer,bisher,hw
,betiehen,beizeiten,hw
,betoahlen,bezahlen,hw
de,Betogg (Betoch),Bezug,hw
,betügen,bezeugen,hw
,betuppen,betrügen,hw
,bewassen,bewachsen,hw
,beweerkstelligen,hinbekommen,hw
,bewegen,bewegen,hw
de,Bewies,"Beweis, Kleinigkeit",hw
,bewiesen,beweisen,hw
,bewoahen,bewahren,hw
,bewotteln,bewurzeln,hw
,bewunnern,bewundern,hw
,bi,bei,hw
,biaf,übrig,hw
,bian,stetig weiter,hw
de,Bichte,Beichte,hw
de,Bichtkommern,Beichtkammer,hw
,bidann,zeitnah,hw
,bidenne,"trennen, vereinzeln",hw
,bidenne (Goa dor bidenne!),Lass die Finger davon!,hw
,bidenneliuken,vereinzeln (bei Rübenpflanzen),hw
,bidoal,"vorbei, nebenher",hw
de,Biehen,"Birnen, Beeren",hw
de,Bielen,Zimmermannsbeil,hw
,bien,beim,hw
dat,Biend,Maßeinheit für Garn (Haspel),hw
dat,Biendken,Band zur Trachtenmütze,hw
,bienen,binden,hw
de,Biener,Bindemäher (Erntemaschine für Getreidegarben),hw
,bierben,"beben, zittern",hw
de,Bierke,Bach,hw
,biersen,"sausen, rennen",hw
,bieten,beißen,hw
,bietsk,bissig,hw
,bifoihlen,Follikelkontrolle,hw
,bikriupen,beikriechen (Annäherung),hw
dat,Bild; de Biller,Bild,hw
,bileibe,beileibe,hw
dat,Billerbeok,Bilderbuch,hw
de,Billerboahn,schiefe Bahn (sozialer Abstieg),hw
,billig (billich),billig,hw
de,"Bindfissen, Bindfoaden",Bindfaden,hw
,binnen,"innen, hinein",hw
de,Binoame,Beiname (Hofname),hw
,biober,übrig,hw
,birten,etwas,hw
de,Bischlöaper,Beischläfer,hw
,bisetten,dazusetzen,hw
de,Bisetteschaaien,Aufsatzbrett vom Ackerwagen,hw
,bisiete,beiseite,hw
,"bisse, bis diu",bist du,hw
,bisteken,Hinweis geben,hw
,bistoahn,"beistehen, helfen",hw
,bistüen,beisteuern,hw
,biteo,nebenbei,hw
,biteogoahn,fremdgehen,hw
,bitiehen,beizeiten,hw
,bitiets,beizeiten,hw
,bitken,"wenig, bisschen",hw
,bitterböase,bitterböse,hw
de,Biuer,Bauer,hw
de,Biueraaie,bäuerlicher Betrieb,hw
de,Biuernhoff,Bauernhof,hw
de,Biuerntrampel,Trottel,hw
de,Biuk,Bauch,hw
de,Biukpiene,Bauchschmerzen,hw
de,Biulen,Beule,hw
,biuten,draußen,hw
de,Biutenwand,Außenwand,hw
,biwieten,beiweiten,hw
dat,Blaag (Blaach); de Bloargen,Kind,hw
dat,Blackglass,Tintenfass,hw
,blackstärt,nackt,hw
,blaffen,kläffen,hw
,blahen,"weinen, untröstlich heulen",hw
,blänken,"glitzern, blinken, schimmern",hw
dat,Blatt; de Bleare,Blatt am Baum,hw
dat,Blatt (innen Bloae),Tageszeitung (in der Tageszeitung),hw
de,Blattlius; de Blattlüse,Blattlaus,hw
,blau,blau,hw
,blaus,nur,hw
,blaut,"bloß, unbedeckt",hw
dat,Bleck,Blech,hw
,bleckern,blechern,hw
de,Bleckschähen,Blechschere,hw
de,Bleifehen,Bleistift,hw
de,Bleike,Grasfläche zur Wäschebleiche,hw
,bleiken,bleichen,hw
dat,Bleikestück,"Leinenballen, Leinenmaß",hw
de,Bleomen,Blume,hw
de,Bleomenbusk,Blumenstrauß,hw
de,Bleomengoahen,Blumengarten,hw
de,Bleomenkaul,Blumenkohl,hw
dat,Bleot,Blut,hw
,bleotoarm,blutarm,hw
de,Bleser,Bläser,hw
de,Blesse,Stirnzeichnung von Pferd und Kuh (weiß),hw
,blieben,bleiben,hw
,bliend,blind,hw
,blienddoiken,Augen zubinden (bei scheuenTieren),hw
de,Blienefleigen,Stechfliege,hw
de,Blienekeoh,Blindekuh (Kinderspiel),hw
,blierken,bellen,hw
de,Blierker,Beller (ständig bellender Hund),hw
,blitzeblank,sauber (sehr sauber),hw
,blitzen,betrinken,hw
,blitzen,glänzen,hw
,bloa,blau,hw
de,Bloagen,Kinder,hw
,bloahen,blättern,hw
,bloaihen,blühen,hw
de,Bloasebaalg (Bloasebaalch),Blasebalg,hw
,bloasen,blasen,hw
de,Bloasen,Blase,hw
dat,Bloashörn,Blashorn,hw
,blöde,blöd,hw
,bloien,bluten,hw
,bloimerig,trüb (trübe Flüssigkeit),hw
de,Blombe,Plombe (Zahnfüllung),hw
,bluchterig (bluchterich),ungestüm,hw
de,Boahn,Bahn,hw
de,Boan,Beil,hw
,boan,baden,hw
,boarselig (boarselich),unachtsam,hw
de,Boarselkopp,"Mensch, ungeschickt",hw
,boarsk,barfuß,hw
de,Boart,Bart,hw
de,Boartlicker,"Schleimer, Speichellecker",hw
,böase,böse,hw
de,Böasewicht,Bösewicht,hw
,bockbeinig,widerspenstig,hw
de,Boiken,Buche,hw
,boistern,wegjagen,hw
,boiten,heizen,hw
de,Bokemührlen,Bokemühle (Hammerwerk zur Flachsbearbeitung),hw
,bölken,schreien,hw
de,Bölkeraaie,Geschrei,hw
dat,Bölkewoater,Mineralwasser mit Kohlensäure,hw
de,Bölkhaals,Schreihals,hw
de,Bönsel,Junge (klein),hw
,boom,oben,hw
,bossen,"geborsten, aufgeplatzt",hw
,bössen,bürsten,hw
de,Bössen,Bürste,hw
de,Bost; de Böste,"Brust, Euter",hw
de,Bostkassen,Brustkasten,hw
dat,Botter,Butterbrot,hw
dat,Botterbecken,Butterschale,hw
de,Botterbleomen,Löwenzahn,hw
dat,Botterfatt; de Botterkaan,Butterfass (zur Butterherstellung),hw
de,Bottermelk,Buttermilch,hw
dat,Bottermelksanballerßel,Buttermilchgericht mit Kartoffeln (Suppe/Eintopf),hw
de,Bottermullen,Holzschale zum Kneten der Butter,hw
de,Bottern,Butter,hw
,bottern,buttern,hw
de,Böxen,Hose,hw
de,Böxenschieter,"Hosenscheißer, ängstlicher Mensch",hw
de,Böxenwulf,Junge (klein),hw
de,Braaien,Ackerstück (sehr breit),hw
de,Bracken,Kinder,hw
,bräet,breit,hw
,bräetbeinig,breitbeinig,hw
de,Bramm,Ginster,hw
,brammen,husten (trocken),hw
de,Brand,"Feuersbrunst, Vorrat an Heizmaterial, Durst (großer)",hw
de,Brandbreif,Bittbrief (sehr dringend),hw
de,Brannewien,Branntwein,hw
de,Brassel,"Aufgabenvielfalt, Wust",hw
de,Brast,"Zorn, Erregung",hw
,brästig (brästich),"breit, kräftig",hw
dat,Braut; de Bröe,Brot,hw
de,Brautkoorf,Brotkorb,hw
de,Brautkossen,Brotkruste,hw
dat,Brautmest,Brotmesser,hw
dat,Brautwoater,Brotwasser (Getränk aus Wasser und Schwarzbrotstücke),hw
de,Bregen,Gehirn,hw
,bregenklürterig,vergesslich,hw
de,Bregenwost,Wurst mit Gehirn vom Schwein,hw
de,Breif; de Breiwe,Brief,hw
de,Breifdiuben,"Brieftaube, Brieftauben",hw
de,Breifdreger,Postbote,hw
de,Breifdreger,Briefträger,hw
de,Breifkassen,Briefkasten,hw
,breitz,"beinahe, fast",hw
,breken,"brechen, erbrechen",hw
dat,Brekiesen,Brechstange,hw
,brennen,brennen,hw
de,Brenneraaie,Brennerei,hw
,brennerig (brennerich),Brenngeruch,hw
dat,Brennhult,Brennholz,hw
de,Brennniertel,Brennnessel,hw
de,Brennschähen,Brennschere,hw
de,Brenntrogg (Brenntroch),Holzwanne zum Enthaaren eines getöteten Schlachtschweins,hw
de,Breoer; de Broier,Bruder,hw
dat,Breok,Bruch (Feuchtwiesen),hw
de,Brerre,Breite,hw
dat,Brett; de Breere,Brett,hw
de,Brettsteohl,Brettstuhl,hw
de,Brickentwärnt,Stern mit Handzwirn,hw
de,Brill,"Brille, Drahtkrampe im Schweinerüssel (Piercing), Klositz",hw
dat,Brillenfeoer,Brillenetui,hw
,bringen,bringen,hw
,briuken,brauchen,hw
,briun,braun,hw
de,Briusejoahre,Pubertät,hw
de,Briusen,"Brause, Gießkannenvorsatz",hw
,briusen,brausen,hw
de,Briut,Braut,hw
de,Briutdisk,Hochzeitsgeschenketisch,hw
dat,Briutklärd,Brautkleid,hw
de,Briutlühe,Brautleute,hw
dat,Briutpoar,Brautpaar,hw
de,Briutwoagen,"Brautwagen mit Aussteuer (Wäsche, Möbel, Mitgift)",hw
de,Broabiehen,Birnen (getrocknet),hw
de,Broabiehen teohaupepacken,Habe einpacken,hw
,broaen,braten,hw
de,Broaen,Braten,hw
de,Broaken,"Flachsbrecher, Zweig (abgeschnitten)",hw
,broaken,Flachs brechen,hw
de,Broakenkrüpers,Bohnenvariante (die an Ästen ranken kann),hw
dat,Broakland,Brachland,hw
de,Broatappel,Bratapfel,hw
de,Broatohmn,Bratofen,hw
de,Broatpannen,Bratpfanne,hw
de,Brocken,"Person (schwergewichtig), Sachen",hw
de,Brügamm,Bräutigam,hw
de,Brüggen,Brücke,hw
,brühen,"necken, veräppeln",hw
de,Brummitten,Brombeeren,hw
de,Brummkrüsel,Brummkreisel,hw
de,Bübbitten,Blaubeeren,hw
,bücken,bücken,hw
de,Budding,Pudding,hw
de,Büen,Dachboden,hw
,bühen,heben,hw
de,Bühl; de Bühls,Beutel,hw
dat,bühlt Mehl,Mehl (gesiebtes Weizenmehl),hw
de,Bullenpiersel,Ochsenziemer,hw
de,Bullerbass,Mensch (grob und ungehobelt),hw
de,Bullerböxen,Hose (weit),hw
de,Bullerwoagen,Handwagen,hw
,bullsterig (bullsterich),ungekämmt,hw
de,Bullsterkopp,Wuschelkopf,hw
dat,Bullweerk,Hand- und Spanndienste (unentgeltlich für die Kommune ),hw
,bullweerken,arbeiten für das Gemeinwesen,hw
de,Bult; de Bülte,grasbewachsene Stelle im sumpfigen Gelände (inselhaft),hw
de,Bulten,Bolzen,hw
de,Bulthütten,Behausung (baufällig),hw
de,Bulzen,Kater,hw
,bündken,wickeln (Windeln),hw
de,Bunken,Erdklumpen (grobe),hw
de,Bünsel,Rind oder Bulle (Stufe nach dem Kalb),hw
,bunt,"bunt, unerträglich",hw
,bunt moaken,"schmücken, kränzen",hw
de,Burch,Eber (kastriert),hw
de,Burchpiersel,Geschlechtsteil vom kastrierten Eber,hw
de,Bürgel,Bügel,hw
de,Bürgelkoorf,Bügelkorb,hw
de,Burrei,Porree,hw
,burseln,wühlen,hw
de,Bus,Bus,hw
de,Busk; de Büske,"Busch, Strauch, Waldstück (klein)",hw
de,Büssen,"Buchse, Blechdose",hw
,butt,schlimm,hw
dat,Buttenne,Wurst im Dickdarm,hw
,butz,sofort,hw
de,Butz,Friseur,hw
dat,Chriskiend,Christkind,hw
dat,Chriskindken,"Christkindchen, Weihnachtsgeschenk",hw
de,Christ,Christ,hw
de,Cloon,Clown,hw
de,Colon,Kleinbauer,hw
,daaien,tauen,hw
dat,Daaiet,Tier oder Mensch (widerspenstig),hw
dat,Dack; de Däcker (uppen Doake),Dach (auf dem Dach),hw
de,Dackpannen,Dachziegel,hw
de,Dackrennen,Dachrinne,hw
de,Dacksteohl,Dachstuhl,hw
dat,Dackstrauh,Langstroh für Strohdächer,hw
de,Dagg (Dach); de Doage,Tag,hw
de,Damp,Dampf,hw
,dampen,dampfen,hw
,dämpen,dämpfen,hw
de,Dämper,Kartoffeldämpfer,hw
,dämpig (dämpich),asthmatisch (in der Regel bei Pferden),hw
,danken,danken,hw
,danne,"fit, entwickelt",hw
de,Dannen,"Tanne, Fichte",hw
de,Dannenappel,Tannenzapfen,hw
de,Dannenbaum,Tannenbaum,hw
,danzen,tanzen,hw
de,Dassel,Schädel,hw
,dat,das,hw
,datt,dass,hw
,dau,"damals (zu dem Zeitpunkt), da",hw
,dauf,taub,hw
,daumoals,damals,hw
de,Daut,Tod,hw
,daute,tot,hw
de,Daute; de Dohen,Tote,hw
,de,"der, die",hw
,decken,decken,hw
de,Deel,Diele,hw
de,Deetz,Kopf,hw
,dehen,"den, denen, deren, dessen",hw
de,Deif; de Deibe,Dieb,hw
de,Deig (Deich),Teig,hw
dat,Deil,Ackerstück,hw
dat,Deil; de Deile,Teil,hw
,deilen,teilen,hw
,deinen,dienen,hw
de,Deiner,Diener,hw
,deipe,tief,hw
de,Deipte,Tiefe,hw
de,Deken,Decke,hw
dat,Dell,Hornhaut,hw
de,Dellen,Delle,hw
,dem,dem,hw
,den,"den, dem",hw
,denken,denken,hw
,denken helpen,erinnern,hw
dat,Denkmoal,Denkmal,hw
de,Denkziertel,Denkzettel,hw
,denn,"dann, denn",hw
,denne (Goah dor denne!),weg,hw
,denne (Wo kumms diu denne︖),her,hw
de,Deoh,Tau,hw
dat,Deok; de Doiker,Tuch,hw
,deon,tun,hw
de,Dezember,Dezember,hw
,di,"dir, dich",hw
de,Dibbel,Dibbelmaschine,hw
,dibbeln,säen mit der Dibbelmaschine,hw
,dichte,dicht,hw
,dicke,"dick, betrunken",hw
de,Dicke Melk,Dickmilch,hw
de,Dickkopp,Dickkopf,hw
,dickköppig (dickköppich),dickköpfig,hw
de,Diek,Teich,hw
,dien,dein,hw
,diene,deine,hw
,dienen,"deinen, deinem",hw
,dierbesk,schwindelig,hw
de,Dierlen,Fußbodenbretter,hw
de,Dießel,Distel,hw
de,Dießen,Deichsel,hw
de,Dießenstock,Deichselstock (Eisenbolzen zur Befestigung des Schwengels),hw
dat,Diktoat,Diktat,hw
dat,Ding,Ding,hw
,Dingens,Füllwort bei Wortfindungsstörungen,hw
de,Dingesdagg (Dingesdach),Dienstag,hw
de,Disk,Tisch,hw
de,Diskdeken,Tischdecke,hw
de,Disker,Tischler,hw
de,Diskeraaie,Tischlerei,hw
dat,Diskloaken,Tischtuch (lang),hw
,diu,du,hw
de,Diuben,Taube,hw
de,Diuer,Dauer,hw
,diuern,dauern,hw
,diuken,tauchen,hw
de,Diumen,Daumen,hw
,diune,betrunken,hw
,diusend,tausend,hw
dat,Doageblatt,Tageszeitung,hw
,doagelang,tagelang,hw
dat,Doageslicht,Tageslicht,hw
de,Doagestiet,Tageszeit,hw
,Doagestiet säggen,grüßen,hw
,doal,runter,hw
de,Doaler,Taler,hw
,doalknaaien,hinknien,hw
,doameln,herumhampeln,hw
,doch,doch,hw
de,Docken,Strohbündel zur Abdichtung unter den Dachziegeln,hw
de,Dohen,Toten,hw
de,Dohenfiehe,Totensonntag,hw
de,Dohengreber,Totengräber,hw
dat,Dohenhiermd,Totenhemd,hw
de,Dohenklocken,Totenglocke,hw
de,Dohenkopp,Totenkopf,hw
dat,Dohenriek,Totenreich,hw
de,Dohenschien,Totenschein,hw
de,Dohensönndagg (Dohensönndach),Totensonntag,hw
de,Dohenvurgel,Eule,hw
de,Dohenwoagen,Totenwagen,hw
de,Dohenwoake,Totenwache,hw
de,Doikershund,"Mensch (arglistig, durchtrieben)",hw
de,Dokter,Arzt,hw
,doktern,verarzten,hw
de,Döllmer,"Mensch (verspielt, tollpatschig, albern)",hw
,döllmern,"blödeln, schimpfen (lauthals)",hw
de,Dönekens,"Anekdote, spaßige Geschichte",hw
,donne biehe,nahe bei,hw
,donnehaulen,festhalten,hw
de,Dönner,Donner,hw
de,Dönnerbaalken,"einfache Toilette, offene Grube mit Sitzbalken",hw
de,Dönnerdagg (Dönnerdach),Donnerstag,hw
de,Dönnergürte,Starkregen bei Gewitter,hw
,dönnern,donnern,hw
de,Dönnerschlagg (Dönnerschlach),"Donnerschlag, Mensch voller Streiche",hw
de,Dooen,Dornen,hw
,doof,"doof, gefühllos",hw
dat,Door,Tor,hw
dat,Doorp; de Döörper,Dorf,hw
de,Döörper,Bewohner im Ortskern,hw
de,Dopp; de Döppe,Fingerkuppe,hw
de,Doppelender,schweres Kalb,hw
,döppen,untertauchen (jemanden aus Spaß untertauchen),hw
,dor,"dort, da",hw
,dorachter,dahinter,hw
,doran,daran,hw
,dorbi,dabei,hw
,dorfür,dafür,hw
,dorhenn,dahin,hw
,dorin,darin,hw
,dörlk,überdreht,hw
,dormiehe,damit,hw
,dornoa,danach,hw
de,Dörpe,Taufe,hw
,dörpen,taufen,hw
de,Dörpstein,Taufstein,hw
,dorrober,darüber,hw
,dorrümme,darum,hw
,dorrünner,darunter,hw
,dorrup,darauf,hw
,dorteo,dazu,hw
,dortiergen,daneben,hw
,dorvan,davon,hw
,dorvür,davor,hw
,dösig,begriffstutzig,hw
de,Döskopp,"Dummkopf, Trottel",hw
de,Dösskekerl,Maschinist und Aufseher beim Dreschen mit der Dreschmaschine,hw
,dössken,dreschen,hw
de,Dössker,Dreschmaschine,hw
de,Döst,Durst,hw
,draaihen,drehen,hw
de,Draaiher,"Drehmechanismus, Handkurbel",hw
dat,Drachloaken,"Tuch (zum Tragen von Heu, Gras und Runkelblätter)",hw
de,Drangfüllen,Schöpfkelle (für Schweinefutter),hw
de,Dreck,"Dreck, Schmutz",hw
,dreckig,"dreckig, schmutzig",hw
de,Dreckschüppen,Kehrblech,hw
de,Dreffsand,Treibsand,hw
,dregen,tragen,hw
de,Dreger,Träger (tragendes Element auf dem Bau),hw
de,Dreger,Sargträger,hw
de,Dreitimpen,Dreieck (in der Regel ein Grundstück),hw
de,Dreom,Traum,hw
de,Dreoßel,"Frau (trottelige, verschrobene)",hw
de,Dreoßel,Drossel (der Singvogel),hw
,drepen,treffen,hw
,drieben,treiben,hw
de,Drieber,Treiber,hw
dat,Driefhius,Treibhaus,hw
de,Driefjagd,Treibjagd,hw
,drieste,dreist,hw
,drinken,trinken,hw
,dröage,trocken,hw
de,Dröagebäcker,Mensch (humorlos),hw
,dröagen,trocknen,hw
,dröage Schwetzken,Backpflaumen,hw
,dröahen,drahten (Schweineschnauze mit Krampen versehen),hw
de,Droahtbössen,Drahtbürste,hw
de,Droaht; de Dröahe,Draht,hw
de,Droahtirsel,Fahrrad,hw
de,Droahtwurm,Drahtwurm,hw
de,Droaken,Erpel (männliche Ente),hw
,droff,darf,hw
,drömmen,träumen,hw
,drücken,drücken,hw
,drüesken,dösen,hw
de,Druffel,"Ansammlung auf engem Raum (Menschen, Tiere)",hw
,drupp,drauf,hw
,drüppen,tropfen,hw
de,Drüppen,Tropfen,hw
de,Drüppenfaal,Tropfenfall (bei fehlender Dachrinne),hw
,drürben,dürfen,hw
,drürmelig (drürmelich),langsam,hw
de,Drürmelpott,Bummelant,hw
,drürseln,dösen,hw
dat,Drüttel,Drittel,hw
,dubbelt,doppelt,hw
de,Dübel,Teufel,hw
de,Dübelskroam,Teufelswerk,hw
,düchtig (düchtich),tüchtig,hw
,düen,deuten,hw
,düenanner,verwirrt,hw
dat,Düenanner,Eintopf,hw
,dull,"doll, heftig, toll",hw
dat,Dullhius,Irrenhaus,hw
de,Dümling,Däumling (Verbandsschutz für Finger),hw
,dumm,dumm,hw
,dummdrieste,dummdreist,hw
de,Dümmerwiend,Wind aus der Richtung vom Dümmer See (Nordwestwind),hw
,dummet Tügg (dummet Tüch),dummes Zeug,hw
de,Dummhert,Dummheit,hw
de,Dummkopp,Dummkopf,hw
,dumpen,ersticken,hw
,dumpig (dumpich),stickig,hw
,dünig (dünich),"dickköpfig, uneinsichtig",hw
de,Dünkel,Stolz,hw
,dünne,dünn (spärlich),hw
,dür,"dadurch, durch, teuer",hw
,dürbieten,durchbeißen,hw
de,Dürbogen,Türbogen,hw
,dürbreken,durchbrechen,hw
,dürbrennen,durchbrennen,hw
,dürbringen,"durchbringen, vergeuden, hindurchretten",hw
de,Dür; de Dürs,Tür,hw
,dürdeilen,durchteilen,hw
,dürdenken,durchdenken,hw
,dürdraaihen,durchdrehen (Nervenzusammenbruch),hw
de,Dürfall,Durchfall,hw
,dürfechten,durchfechten,hw
,dürfeoern,durchfuttern,hw
,dürfienen,durchfinden,hw
,dürfreisen,durchfrieren,hw
,dürfreten,durchfressen,hw
,dürgallern,durchregnen,hw
de,Dürgang,Durchgang,hw
,dürgen,taugen,hw
,dürgoahn,durchgehen (Pferde),hw
,dürgriepen,durchgreifen,hw
de,Dürgriff,Türgriff,hw
,Dürgung (geoen),Verdauung (gute),hw
dat,Dürhäng,Türscharnier,hw
,dürhaulen,durchhalten,hw
,dürheer,durcheinander (verwirrt),hw
,dürhelpen,durchhelfen,hw
,dürkieken,durchblicken (verstehen),hw
de,Dürklinken,Türklinke,hw
,dürkriupen,durchkriechen,hw
,dürkurm,durchkommen,hw
de,Dürl,Eidotter,hw
,dürlasken,verprügeln,hw
,dürlaupen,durchlaufen,hw
,dürleigen,durchlügen,hw
,dürliggen,durchliegen,hw
,dürloaten,"durchlassen, verprügeln",hw
,dürmessen,durchfeuchtet,hw
,dürmoaken,durchmachen,hw
,dürnaaien,verprügeln,hw
,dürnaaihen,durchnähen,hw
,dürnierm,durchnehmen (über etwas tratschen),hw
,dürpatken,hindurchpatschen,hw
,dürquelen,hindurchquälen,hw
,dürreengen,durchregnen,hw
,dürrieten,durchreißen,hw
,dürroihen,durchrühren,hw
,dürsaaihen,"durchseihen, filtern",hw
,dürscheiten,"durchschießen (Pflanzenschosser, Fäden beim Weben)",hw
de,Dürschlagg (Dürschlach),Durchschlag (Sieb),hw
,dürschloan,durchschlagen,hw
,dürschloapen,durchschlafen,hw
,dürsetten,durchsetzen,hw
,dürsierben,durchsieben,hw
,dürsoiken,durchsuchen,hw
de,Dürstänner,Türständer für 2-flg. Tür,hw
,dürwossen,durchwachsen,hw
de,dürwossen Speck,durchwachsener Speck,hw
,düsse,"diese, dieser",hw
,düsse Doage,dieser Tage (kürzlich),hw
de,Dussel,Dummkopf,hw
,Dussel hat,Glück gehabt,hw
,düsset,dieses,hw
,düster,dunkel,hw
de,Dutk,Bett (eingebaut),hw
,dütsk,deutsch,hw
,Dütskland,Deutschland,hw
de,Dutt,Haarknoten,hw
,dütt,"dies, dieses",hw
dat,Dutzend,Dutzend (12 Stück),hw
,ebens,möglichst,hw
,echte,"echt, ehrlich",hw
,eck,ich,hw
de,Ecke,"Ecke, Gegend",hw
dat,Eckhius,Eckhaus,hw
de,Eeln,Elle (altes Längenmaß),hw
de,Eelnbogen,Ellenbogen,hw
,eems,eben,hw
de,Eerbe,Erbe,hw
,eerben,erben,hw
,eergelik,ärgerlich,hw
,eergen,ärgern (sich ärgern),hw
de,Eerger,Ärger,hw
de,Egen,Egge,hw
de,Egentienen,Eggenzinken,hw
,eggen,eggen,hw
,egoal,egal,hw
,egoalwegg (egoalwech),andauernd,hw
de,Ehrfen,Erbsen,hw
de,Ehrfenbroaken,Äste (an denen die Erbsen hochranken können),hw
,eigen,"empfindlich, wählerisch",hw
,eigene,eigene,hw
,eigentlik,eigentlich,hw
,eiget,verdient,hw
de,Eiken,Eiche,hw
de,Eikkatten,Eichhörnchen,hw
,einen,"einen, einem",hw
,einer,"einer, jemand",hw
,einfach,einfach,hw
,einige,einige,hw
,einigermoaten,einigermaßen,hw
,einsoam,einsam,hw
de,Einspänner,Einspänner,hw
,ein up anner,"aufeinander, immer wieder",hw
,eis,einmal,hw
,elben,elf,hw
de,Elefant,Elefant,hw
de,Elk,Iltis,hw
de,Ellern,Erle,hw
de,Elm,Erdstaub,hw
,en,"ein, einen",hw
,endlik,endlich,hw
,enge,eng,hw
,engeböstig (engeböstich),kurzatmig,hw
de,Enkel,Knöchel,hw
dat,Enne,Ende,hw
,entloaten,entlassen,hw
,entschliuten,entschließen,hw
,enzeln,einzeln,hw
,erfienen,erfinden,hw
,ernst,ernst,hw
de,Ernst,Ernst,hw
de,Ernst,Ferkel bzw. Schwein (in der Entwicklung zurückgeblieben),hw
,ersetten,ersetzen,hw
,es,ist,hw
de,Esken,Esche,hw
,et,"es, sie",hw
,eten,essen,hw
dat,Eten,Essen,hw
de,Etensmoarken,Essensmarken,hw
de,Etenstiet,Essenszeit,hw
de,Etlierpel,Esslöffel,hw
,evangelsk,evangelisch,hw
,ewig,ewig,hw
,extroa,extra,hw
de,Faal,Fall,hw
,faalen,"fallen, fehlen",hw
de,Faalenkrankhert,Fallsucht,hw
de,Faalgen,Falle,hw
,faalsk,falsch,hw
,faaste,fest,hw
,faastebienen,festbinden,hw
,faastehaulen,festhalten,hw
,faastenegeln,festnageln,hw
,faastenierm,festnehmen,hw
,faasteschriuben,festschrauben,hw
dat,Fachweerk,Fachwerk,hw
dat,Fachweerkhius,Fachwerkhaus,hw
dat,Fack,Fach,hw
,fackeln,"zögern, zündeln",hw
de,Fall,Fall,hw
dat,Färld; de Färler,Feld,hw
dat,Färldheohn,Rebhuhn,hw
de,Färldkiertel,Essenstopf fürs Feld,hw
de,Färldmius,Feldmaus,hw
de,Färldwegg (Färldwech),Feldweg,hw
dat,Fass,Dachfirst,hw
de,Fasspannen,Firstpfanne(n),hw
de,Fattbiener,Fassbinder,hw
dat,Fatt; de Feete,Fass,hw
dat,Fattwiep,Scheuergebinde (Topfkratzer aus Heidereisig),hw
de,Fauln,Falte,hw
de,Febewoar,Februar,hw
de,Febriek,Fabrik,hw
,feerben,färben,hw
de,Feergen,Ferien,hw
de,Feerken,Ferkel,hw
,fegen,fegen,hw
de,Fehen,Feder(n),hw
de,Fehenwoagen,"Pferdewagen (gefedert, für Besorgungen)",hw
de,Fehler,Fehler,hw
dat,Fell,"Fell, Haut, Pelle",hw
de,Fellketuffel,Pellkartoffel,hw
de,Femielge,Familie,hw
dat,Femielgenbeok,Familienbuch,hw
dat,Fenster,Fenster,hw
dat,Feoer,Futter,hw
de,Feoermann,Fuhrmann,hw
,feoern,füttern,hw
de,Feotbank,Fußbank,hw
dat,Feotenne,Fußende vom Bett,hw
de,Feotlappen,Leinenlappen als Strumpfersatz,hw
de,Feot (teo Feote); de Foite,Fuß (zu Fuß),hw
de,Ferre,Onkel,hw
dat,Fest,Fest,hw
,feste,"heftig, tüchtig",hw
de,Fidibus,Feueranzünder (z.B. aus einem Holzspan oder aus einem kleinen Stück einer zusammengedrehten Zeitung),hw
,"fief, fiebe",fünf,hw
de,Fiehe,Feier,hw
de,Fiehedagg (Fiehedach),Feiertag,hw
,fiehen,feiern,hw
de,Fieheoabend,Feierabend,hw
,fielen,feilen,hw
de,Fielen,Feile,hw
de,Fiend,Feind,hw
,fiene,"fein, zartgliedrig",hw
,fienen,finden,hw
de,Fietzebaunen,Bohnen,hw
de,Fietzebaunenspielen,Bohnenstange(n),hw
de,Filius,Nachkomme (männlich),hw
,fillen,pellen,hw
de,Fimmel,Hirngespinst,hw
,fimmelig (fimmelich),"nervös, durchgedreht",hw
de,Finger,Finger,hw
de,Fingerhansken,Fingerhandschuhe,hw
de,Fingerheot,Fingerhut,hw
de,Fisematenten,Fisimatenten,hw
de,Fisematenten,Unfug,hw
,fisentaaien,"untersuchen, analysieren",hw
de,Fisk; de Fiske,Fisch,hw
de,Fiskediek,Fischteich,hw
,fisken,fischen,hw
,fisseln,nieseln (feiner Regen),hw
de,Fissen,Bindfaden,hw
,fissig (fissich),ungeduldig engagiert,hw
,fit fit fit,Pfui! Schäm dich!,hw
de,Fitk,"Flügel, Gänseflügel (wurde zum Fegen in den Ecken und an schwer zugänglichen Stellen benutzt)",hw
,fitken,fegen mit dem Gänseflügel,hw
dat,Fitkenfest,Geflügelfest,hw
de,Fitzereout,"Weidenrute (dünn, biegsam)",hw
,fiul,faul,hw
,fiulen,faulen,hw
,fiulenzen,faulenzen,hw
de,Fiulwams,Faulpelz,hw
de,Fiust; de Füüste,Faust,hw
,fiustdicke,faustdick,hw
de,Fiusthansken,Fausthandschuhe,hw
de,Flachen,"Brotscheibe (dick), Seitenbrett vom Ackerwagen",hw
de,Flasken,Flasche(n),hw
dat,Flass,Flachs,hw
de,Flauh; de Floihe,Floh,hw
,flechen,flechten,hw
de,Flegen,Flegel (Dreschwerkzeug),hw
,fleigen,fliegen,hw
de,Fleigen,Fliege(n),hw
dat,Fleisk,Fleisch,hw
,fleiten,fließen,hw
de,Fleoch,Fluch,hw
de,Fleomen,Bauchfett vom Schwein,hw
de,Fleot,Flut,hw
de,Fleppen,"Ausweispapiere, Siebensachen",hw
dat,Flett,Raum um das Herdfeuer (in einem alten Bauernhaus oberhalb der Diele),hw
de,Flettmieger,Mädchen (klein und noch nicht trocken),hw
,fliedig (fliedich),fleißig,hw
de,Flieger,Flugzeug,hw
de,Flinsen,Brotscheibe (dünn),hw
de,Flinten,"Flinte, Gewehr",hw
dat,Flittken,"Flittchen, Vielliebchen",hw
de,Flitzebogen,Pfeil und Bogen,hw
dat,Flitzepeh,Fahrrad,hw
de,Flius,Schleife,hw
de,Fliusen,"Flusen, Spinnerei",hw
,flöcken,fluchen,hw
,flötken,pfeifen,hw
de,Flötkepiepen,Trillerpfeife,hw
,flotten Heinrich,Durchfall,hw
de,Flucht,Holzbügel mit kleinen Metallhaken über der Spinnradspule,hw
de,Flucht,"Flucht, Richtung (gerade Linie)",hw
,flüchten,flüchten,hw
,fludderig (fludderich),flatterhaft,hw
de,Flunk,"Arm, Flügel",hw
de,Flürgel,Flügel,hw
de,Flürter,Fließgewässer,hw
de,Flutkebrei,Kürbisgericht mit Milchreis,hw
,flutsken,flutschen,hw
,foahl,"fahl, blass",hw
de,Foahnen,Fahne,hw
de,Foahrkoarten,Fahrkarte,hw
de,Foahrt,Fahrt,hw
,foaken,oft,hw
de,Foarbe,Farbe,hw
,föarig (föarich),fertig,hw
de,Foarnken,"Farn, Farnkraut",hw
dat,Foaselschwien,Jungschwein (nichttragend),hw
de,Fohmt; de Föhme,Faden,hw
,foihen,fahren,hw
dat,Foiher,Fuder (Wagenladung),hw
,foilen,fühlen,hw
de,Foorken,Forke,hw
,förrern,fordern,hw
de,Foss; de Fösse,Fuchs,hw
dat,Fotzendaaiet,Frauenzimmer (verächtlich),hw
,fraaien,heiraten,hw
,Frankriek,Frankreich,hw
de,Fransen,Fransen,hw
de,Franzeose,Franzose,hw
dat,Franzeosenkriut,Franzosenkraut (Unkraut),hw
,franzoisk,französisch,hw
,frauh,froh,hw
,frech,frech,hw
,frei,frei,hw
de,Freidagg (Freidach),Freitag,hw
,freimoaken,freimachen,hw
de,Freimoaken,Briefmarke,hw
,freisen,frieren,hw
,freiwillig,freiwillig,hw
,freoh,früh,hw
dat,Freohjoahr,Frühjahr,hw
dat,Freohstücke,Frühstück,hw
,freohstücken,frühstücken,hw
,freten,fressen,hw
de,Frettsack,Vielfraß,hw
de,Frewel,Frevel,hw
de,Frieden,Frieden,hw
,friermeln,friemeln,hw
de,Frieseln,Masern,hw
de,Frisierkemeode,Frisierkommode mit Klappspiegel,hw
,frisk,frisch,hw
de,Froage,Frage,hw
,froagen,fragen,hw
de,Froagoars,fragender Mensch (vielfragend),hw
,fröalik,fröhlich,hw
de,Frochen,"Achtung, Respekt",hw
de,Froide,Freude,hw
,froien,freuen,hw
,frösterig (frösterich),fröstelnd,hw
de,Frostkürtel,frierender Mensch,hw
dat,Frostweer,Frostwetter,hw
de,Früame,Fremde,hw
,früamt,fremd,hw
,früamtgoahn,fremdgehen,hw
,früher,früher,hw
de,Fründ; de Frünne,Freund,hw
,fründlik,freundlich,hw
de,Fründskopp,"Verwandtschaft, Freundschaft",hw
de,Frünne,Verwandte,hw
,fucheln,fuchteln,hw
dat,Füer,Feuer,hw
de,Füerhoaken,Feuerhaken,hw
dat,Füerhoinken,Grille,hw
dat,Füerlock,Brennraum des Ofens,hw
de,Füerömmer,Wassereimer (aus Leder für Löschzwecke),hw
de,Füerstein,Feuerstein,hw
de,Füerstiehe,Feuerstelle,hw
de,Füertangen,Feuerzange,hw
de,Füerwehr,Feuerwehr,hw
de,Füerwiehen,Befestigungsstück am Schwengel für ein drittes Pferd,hw
de,Fuhr,Furche,hw
,fulgen,folgen,hw
,füllen,füllen,hw
de,Füllen,Schöpflöffel,hw
de,Fülllierpel,Schöpfkelle,hw
dat,Fummelbrett,Scheuerbrettchen für Maurer,hw
dat,Funnament,Fundament,hw
,für,für,hw
,furtern,fummeln,hw
,fürwoahr,"fürwahr, wirklich",hw
,fusken,pfuschen,hw
,futken,"arbeiten (unordentlich, oberflächlich)",hw
de,Gaailbülte,Geilstellen (Kot- und Urinstellen auf Grünland durch Weidetiere),hw
de,Gaalgen,Galgen,hw
dat,Gaalgenstrick,Spitzbube,hw
de,Gaffel,Holzgabel (womit das Rauchfleisch aufgehängt und entnommen werden konnte),hw
de,Gaffeltangen,Ohrenkneifer,hw
,gaffen,gucken,hw
,gallern,regnen (heftig),hw
de,Ganter,Gänserich,hw
,ganz,ganz,hw
,ganz un goar,ganz und gar,hw
dat,Gärchel,"Gaumen, Zahnfleisch",hw
de,Gärßel,"Giersch (Unkraut, Wildsalatkräuter)",hw
de,Gassen,Gerste,hw
dat,Gatt,Hintern,hw
de,Gaus; de Göase,Gans,hw
de,Gausefitk,Gänseflügel (wurde zum Fegen in den Ecken und an schwer zugänglichen Stellen benutzt),hw
de,Gausekiel,Gänsekiel (Schreibfeder),hw
dat,Gauseküken,Gänseküken,hw
de,Gausewien,Gänsewein (Wasser),hw
,ge,je,hw
dat,Gebett,Gebet,hw
,geboen,geboren,hw
dat,Gebott,"Gebot, Angebot",hw
de,Gebreken,Gebrechen,hw
de,Gebriuk,Gebrauch,hw
de,Geburt,Geburt,hw
de,Geburtsdagg (Geburtsdach),Geburtstag,hw
,gedaaihen,gedeihen,hw
,gede,jede,hw
,geden,jeden,hw
dat,Gedeoe,Getue,hw
,geder,jeder,hw
,gedereiner,jedermann,hw
,gedertiet,jederzeit,hw
,gediegen,seltsam,hw
de,Gedinen,Gardinen,hw
dat,Gedirm,Gedärm,hw
,gedüllig (gedüllich),geduldig,hw
,geel,gelb,hw
,geerben,gerben,hw
,gefaalen,gefallen,hw
,gefährlik,gefährlich,hw
de,Gefoahr,Gefahr,hw
dat,Gefoihl,Gefühl,hw
,gegen,entgegen,hw
dat,Gegendeil,Gegenteil,hw
,gegenenanner,gegeneinander,hw
,gegenober,gegenüber,hw
,gegensietig (gegensietich),gegenseitig,hw
dat,Gehöar,Gehör,hw
,gehöarig (gehörich),stark,hw
de,Geist,Geist,hw
,geiten,gießen,hw
de,Geitkannen,Gießkanne,hw
dat,Gekoarkel,Gegacker,hw
dat,Gelänner,Geländer,hw
de,Geldbühl,Geldbeutel,hw
dat,Geld (mitten Gelle),Geld (mit dem Geld),hw
de,Geldschien,Geldschein,hw
de,Gelegenhert,Gelegenheit,hw
,gelinne,gelinde,hw
,gellen,gelten,hw
,gellt nich,gilt nicht,hw
dat,Geloat,Gefäß (Behälter),hw
dat,Gelott,Gelass (kleiner Raum),hw
dat,Gelühe,Geläut,hw
de,Gemeinhert,Gemeinheit,hw
dat,Gemoite,Gemüt,hw
dat,Gemüse,Gemüse,hw
dat,Gemüsestücke,Gemüsegarten,hw
,geneoe,genau,hw
,geneog (geneoch),genug,hw
de,Generatzieon,Generation,hw
,genne,"jene, jener",hw
,genne Siete,andere (gegenüberliegende) Seite,hw
,gennet,"jene, jenes",hw
,genoten,genossen,hw
,geo,euch,hw
,geoe,"eure, euer",hw
,geoe,gute,hw
,geoen,guten,hw
,geoet,gutes,hw
de,Geogienen,Dahlien,hw
,geot,gut,hw
de,Geothert,Gutheit (Güte),hw
,geotmoitig (geotmoitich),gutmütig,hw
,geotsäggen,bürgen,hw
de,Gerechtigkert,Gerechtigkeit,hw
,gern,gern,hw
,geroade,gerade,hw
,geroaen (geot geroaen),gelungen (wohlgeraten),hw
dat,Gesangbeok,Gesangbuch,hw
dat,Geschenk,Geschenk,hw
dat,Geschirr,Geschirr,hw
,geschoiet,gescheit,hw
dat,Geschraaie,Geschrei,hw
,geschwiege,geschweige,hw
dat,Gesichte,Gesicht,hw
dat,Gesocks,Pöbel,hw
dat,Gest,Hefe,hw
,geste geste,erstaunlich,hw
,gestrenge,streng,hw
dat,Gestrich,"Gegend, Gebiet",hw
dat,Gesummse,Summen der Bienen (vor dem Bienenstock),hw
,getz,jetzt,hw
,gewährn loaten,gewähren lassen,hw
,gewiernen,gewöhnen,hw
dat,Gewierten,Gewissen,hw
,gewinnen (gewunnen),gewinnen (gewonnen),hw
,gewoahr wärn,"erfahren, gewahr werden",hw
,gie,"ihr, sie",hw
,gierm,geben,hw
de,Giez,Geiz,hw
,giezig (giezich),geizig,hw
de,Giezkroagen,Geizhals,hw
,ginne,dahinten,hw
,gistern,gestern,hw
dat,Glass; de Gleser,Glas,hw
de,Glassschieben,Glasscheibe,hw
,glatt,glatt,hw
de,Gleot,Glut,hw
,glieke,gleich,hw
,glieken,gleichen,hw
,glieks,"gleich, sofort",hw
,gloaihen,glühen,hw
de,Glöppe,Dummheiten (verrückte Ideen),hw
,glörben,glauben,hw
,glörben,glauben,hw
,glörnig (glörnich),"glühend (bei Fieber, Alkoholkonsum, …)",hw
dat,Glücke,Glück,hw
,glücken,gelingen,hw
,gnabbeln,abnagen,hw
,gnatzig (gnatzich),unzufrieden,hw
,gneisen,lächeln,hw
de,Gnickeraaie,Kicherei,hw
,gnickern,kichern,hw
de,Gnoade,Gnade,hw
dat,Gnoadenbeok,Gnadenbuch (von einer Strafe absehen),hw
,gnuen,knurren,hw
de,Gnuepott,Brummbart,hw
,gnürterig (gnürterich),nörgelnd,hw
,gnürtern,nörgeln,hw
de,Gnürterpott,Nörgler,hw
de,Goabel,Gabel,hw
de,Goabm,"Garbe, Garben",hw
de,Goaen,Garten,hw
,goahn,aufgehen des Hefeteiges,hw
,goahn,gehen,hw
,goar,gar,hw
dat,Goarn,Garn,hw
,goar nich,gar nicht,hw
de,Göarte,Grütze,hw
de,Göbel,Göpel (Maschinenantrieb mit Muskelkraft),hw
,göbeln,kotzen,hw
de,Gooten,Gosse,hw
de,Göpsen,Maßeinheit (zwei aneinanderliegende Hände voll),hw
dat,Gössel,Gänseküken,hw
,gottlaus,gottlos,hw
,gottserbärmlik,erbärmlich (ganz und gar),hw
dat,Graff; de Greber,Grab,hw
de,Graffstein,Grabstein,hw
de,Grammen,"Grummet (zweiter Grasschnitt, getrocknet zu Heu)",hw
de,Grappen,Fratzen,hw
de,Grappen,komische Einfälle (wirres Zeug),hw
dat,Gräss,Gras,hw
de,Grässklöpper,Hagelkörner,hw
de,Grässnurf,Grasnarbe,hw
dat,Grässspier,Grashalm,hw
,graut,groß,hw
de,Grautaulen,Großeltern,hw
,graute,große,hw
,grauten,großen,hw
,grautendeils,größtenteils,hw
,grautjöahrig (grautjöahrich),volljährig,hw
dat,Grautmiul,Großmaul,hw
de,Grautmoime,Großmutter,hw
de,Grautvoar,Großvater,hw
de,Grenze,Grenze,hw
,greoen,grauen,hw
dat,Greoen,Grauen,hw
,gresen,grasen,hw
,grienen,"grinsen, weinen",hw
,griensmoate,Gemütszustand (zum Weinen zumute),hw
,griepen,greifen,hw
,griersig (griersich),grässlich,hw
,gries,grau,hw
de,Griesbiehen,Birnensorte,hw
dat,Griesbraut,Graubrot,hw
de,Griesegreitken,"Buttermilch-Grießsuppe (mit Nudeln, Zwieback und Rosinen)",hw
de,Griesenetten,Apfelsorte (graue Renette),hw
,grieskault,nasskalt,hw
de,Griesköppe,Grauköpfe (alte Menschen),hw
,grimstig (grimstich),übereifrig,hw
de,Gripps,Verstand,hw
,griusen,"rasen, ängstigen",hw
,groaben,graben,hw
de,Groaben,Graben,hw
,groade,gerade,hw
,groadedür,geradedurch (direkt),hw
,groadeiut,geradeaus,hw
,groff,grob,hw
dat,Groffbraut,Schwarzbrot,hw
de,Groffschmett,"Grobschmied, Grobian",hw
,groin,grün,hw
de,Groschen,Geldstück (10 Pfennig-Stück),hw
dat,Gross,Gros (Maßeinheit/12 Dutzend = 144 Stück),hw
de,Grötte,Größe,hw
de,Grull,Groll,hw
dat,Grundbeok,Grundbuch,hw
de,Grund; de Grünne,Grund,hw
de,Grundmüen,"Fundament, Grundmauer",hw
,grünnen,gründen,hw
de,Grüppen,Abzugsgraben (klein),hw
dat,Gruppsel,"Reste (fein, im Torf- oder Holzstall)",hw
de,Grutt,Abfall (fein),hw
dat,Guld,Gold,hw
de,Guldlack,Goldlack (Blume),hw
de,Guldschmett,Goldschmied,hw
de,Guldwächte,Goldwaage,hw
,gümme,immer,hw
,gürlen,rieseln,hw
de,Gürlige Sorte,ertragreiche Sorte,hw
de,Gürte,Regenguss,hw
,güst,gerade eben,hw
,güste,gerade eben,hw
,güstemente,gerade jetzt,hw
,güüste,unfruchtbar (bei Säugetieren),hw
de,Haaide,"Heide (Pflanze, Landschaft)",hw
dat,Haaimweih,Heimweh,hw
,haalbe,halbe,hw
,haalberlei,halbwegs,hw
,haalf,halb,hw
de,Haalfklabaster,Halbstarker,hw
dat,Haalfter,Halfter (Zaum ohne Gebiss),hw
,haalfwossen,jugendlich,hw
de,Haalfwossene,Jugendlicher,hw
de,Haalm,Halm,hw
de,Haalsafschnieher,Halsabschneider (Wucherer),hw
de,Haals; de Hälse,Hals,hw
dat,Haalsdeok,Halstuch,hw
de,Haalskiehen,Halskette,hw
dat,Haalslear,Halsleder beim Zuggeschirr,hw
,haalsoberkopps,überstürzt,hw
dat,Haarte,Herz,hw
dat,Haarteblatt,Herzblatt,hw
dat,Haarteklabastern,Herzrasen,hw
dat,Haartepucken,Herzklopfen,hw
,hacken,hacken,hw
de,Hacken,Ferse,hw
de,Hackenrieter,Schlittschuhe mit Schraubverbindung am Absatz,hw
de,Hacker,Hacker,hw
dat,Hackfleisk,Hackfleisch,hw
dat,Hacksel,Häcksel,hw
de,Hackselbock,Strohschneidemaschine,hw
de,Hackselkommern,Häcksellagerraum,hw
,Hacksel straaien,Häcksel streuen (Brauch vor der Hochzeit),hw
,hämmen,haben,hw
de,Hand; de Hänne,Hand,hw
dat,Handeok,Handtuch,hw
de,Handiulen,Handfeger,hw
dat,Handpeerd,Pferd links im Gespann,hw
,handwoarm,lauwarm,hw
,hannebräet,handbreit,hw
de,Hannel,Handel,hw
,hanneln,handeln,hw
de,Hannoiwersken,Niedersachsen (Provinz Hannover),hw
de,Hansken,Handschuh,hw
de,Hanswost,Hanswurst,hw
de,Hantekassen,Akkordeon,hw
de,Häring,Hering,hw
,hart,hart,hw
de,Haspel,Haspel (Garnwinde),hw
dat,Hauchdütsk,Hochdeutsch,hw
,hauge,hoch,hw
,hauge haulen,"ehren, in Ehren halten",hw
,haujoahnen,gähnen,hw
,haulen,halten,hw
de,Haumierlen,Windhalm,hw
de,Haupen; de Höape,Haufen,hw
de,Heekstern,Elster,hw
de,Heemel,Hammel,hw
,heer,her,hw
de,Heerfst,Herbst,hw
,heerkurm,herkommen,hw
dat,Heerkurm,Herkunft,hw
dat,Heft,"Heft, Heft (Feilengriff)",hw
,hei,er,hw
de,Heide,Heide (kein Christ),hw
,heile,heil,hw
,heit,heiß,hw
,heit,läufig (Hund),hw
,heiten,heißen,hw
,helle,"hell, laut, schlau",hw
,helpen,helfen,hw
,henn,hin,hw
,henndrieben,hintreiben,hw
,henndür,hindurch,hw
,hennfaalen,hinfallen,hw
,hennflaaien,"hinlegen, einlagern (Getreidegarben systematisch stapeln)",hw
,hennfraaien,einheiraten,hw
,henngriepen,hingreifen,hw
,hennhaulen,hinhalten,hw
,hennhucken,hinhocken,hw
,hennig (hennich),"einfach (ging gut, leicht, klein)",hw
,hennkieken,hinschauen,hw
,hennknaaien,hinknien,hw
,hennkriegen,hinbekommen,hw
,hennkurm,hinkommen,hw
,hennlangen,hinlangen,hw
,hennlaupen,hinlaufen,hw
,hennleggen,hinlegen,hw
,hennsetten,hinsetzen,hw
,hennteo,hinzu,hw
,henn un heer,hin und her,hw
,hennwiesen,hinweisen,hw
,heoen,hauen,hw
dat,Heohn; de Hoihner,Huhn,hw
dat,Heohneraai,Hühnerei,hw
de,Heohnerdroaht,Hühnerdraht,hw
de,Heohnerfehen,Hühnerfeder,hw
de,Heohnerkamm,Hühnerkamm,hw
dat,Heohnerküken,Küken (weiblich),hw
dat,Heohnerlock,Hühnerloch (Durchschlupf für Hühner),hw
de,Heohnermess,Hühnermist,hw
de,Heohnerschieten,Hühnerdreck,hw
de,Heohnerstaal,Hühnerstall,hw
de,Heohnerwiehm,Hühnerschlafplatz mit Sitzstangen,hw
de,Heohnerzuppen,Hühnersuppe,hw
,heoßen,husten,hw
de,Heoßen,Husten,hw
de,Heot; de Hoie,Hut,hw
de,Herrgott,Gott,hw
dat,Hexenspell,"Unerkärliches, Zauberei",hw
,hibbelig (hibbelich),unruhig,hw
de,Hielen,Zwischenboden über dem Stall,hw
de,Hielenkieker,Neugieriger (Spion),hw
,hiemen,einatmen (beim Asthmaanfall),hw
de,Hiemitten,Himbeeren,hw
,hier,hier,hw
,hierbi,hierbei,hw
dat,Hiermd; de Hierme,Hemd,hw
de,Hiermdknöape,Hemdknöpfe,hw
de,Hiermdkroagen,Hemdkragen,hw
de,Hiermdschlippk,Hemdzipfel,hw
de,Hiesige,Ortsansässige,hw
,hiesig (hiesich),einheimisch,hw
,hii,linksherum (Befehl für Zugtiere),hw
de,Himmel,Himmel,hw
de,Himmelsziergen,Bekassine (Sumpfschnepfe),hw
de,Himpen,Kornmaß (Hohlmaß = 40 Pfund),hw
de,Himphamp,Rückenbereich (zwischen Beckenkamm und Wirbelsäule),hw
de,Hingst,Hengst,hw
,hinkeln,hinkeln,hw
dat,Hinkelspell,Hüpfspiel (mit einem Stein oder einer Dose),hw
,hinken,hinken,hw
de,Hinnemann (de graute),Großzeh,hw
de,Hinner,Verhinderung,hw
,hinnern,hindern,hw
de,Hinnick,Heinrich,hw
de,Hippe,Ziege,hw
de,Hirkel,Hechel (Flachskamm),hw
,hirkeln,"sticheln, Flachs kämmen",hw
,hissen,hetzen (sticheln),hw
dat,Hitken,"Ziegenlamm, Mädchen (flott)",hw
de,Hitte,Hitze,hw
de,Hittestippen,Hautausschlag bei Hitze,hw
de,Hiue,Miete,hw
de,Hiuemann,Heuerling,hw
dat,Hiuemannshius,Heuerlingshaus,hw
,hiulen,heulen,hw
dat,Hius; de Hüser,Haus,hw
,hiusen,hausen,hw
de,Hiusgelegenhert,Kenntnis im Haus,hw
de,Hiushöllerske,Haushälterin,hw
de,Hiusmannskost,Hausmannskost,hw
dat,Hiusmittel,Hausmittel,hw
de,Hiusnoame,"Familienname, Nachname",hw
,hiustern,verwahrlost wohnen,hw
de,Hiusupgoaben,Hausaufgaben,hw
de,Hiut,Haut,hw
de,Hoaber,Hafer,hw
,hoabhaft moaken,"habhaft machen, festnehmen",hw
de,Höachte,Höhe,hw
de,Hoagel,Hagel,hw
de,Hoagelkörns,Hagelkörner,hw
dat,Hoagelschiuer,Hagelschauer,hw
de,Hoahn; de Hehne,Hahn,hw
de,Hoahnenkamm,Hahnenkamm,hw
dat,Hoahnentreaßel,Hahnentritt,hw
dat,Hoai,Heu,hw
,hoaien,heuen,hw
de,Hoaihaupen,Heuhaufen,hw
de,Hoaken; de Hoakens,Haken,hw
,hoalen,holen,hw
,hoan,dengeln (einer Sense),hw
de,Hoarbessen,Haarbesen,hw
de,Hoarbössen,Haarbürste,hw
dat,Hoar; de Hoare,Haar,hw
de,Hoarfoarbe,Haarfarbe,hw
,hoarken,harken,hw
de,Hoarken,Harke,hw
de,Hoarkentienen,Harkenzinken,hw
de,Hoarklemmen,Haarklemme,hw
,hoarn,haaren,hw
,höarn,"hören, gehören",hw
dat,Höarn; de Höarns,Horn,hw
dat,Hoarnetz,Haarnetz,hw
,höarpen,Heuhaufen machen,hw
,hoarpern,hapern,hw
de,Hoarspangen,Haarspange,hw
dat,Hoarspier,Haar (einzeln),hw
,höart,gehört,hw
de,Hoase,"Hase, Schwungpflug (von Hand geführt)",hw
de,Hoasticken,Amboss zum Dengeln der Sense,hw
de,Hoawk,Habicht,hw
de,Hochtiet; de Hochtiehen,Hochzeit,hw
de,Hochtietsbitter,Hochzeitsbitter,hw
de,Hochtietsdagg (Hochtietsdach),Hochzeitstag,hw
dat,Hochtietspoar,Hochzeitspaar,hw
de,Hocken,Getreidegarben (20 zusammengestellte Garben),hw
de,Hoff; de Höbe (uppen Hobe),Hof (auf dem Hof),hw
,hoffentlich,hoffentlich,hw
,hoien,hüten,hw
de,Hoiete,Gatter (kleines),hw
de,Hoihnerwiehm,Hühnerstall mit Sitzstangen,hw
,hökern,handeln,hw
,hölten,"hölzern, ungeschickt",hw
de,Hölter,Kopf,hw
,hopen,hoffen,hw
de,Hörlkoorf; de Hörlköörbe,Bügelkorb,hw
,hott,rechtsherum (Befehl für Zugtiere),hw
,hottvetwass,durcheinander,hw
dat,Huck,"Ecke, Verschlag (klein)",hw
de,Hueraaie,Hurerei,hw
,hügen,betteln,hw
de,Hülpe,Hilfe,hw
de,Hulster,Halbstarker,hw
,hult,halt,hw
dat,Hult,Holz,hw
de,Hultbock; de Hultböcke,"Holzbock, Zecke",hw
dat,Hultdeil,Waldstück,hw
de,Hultdiuben,Ringeltaube,hw
de,Hulthaupen,Holzhaufen,hw
dat,Hult (innen Hulte),Wald (im Wald),hw
de,Hultkopp,Holzkopf,hw
de,Hultlierpel,Holzlöffel,hw
,hult moal,warte mal,hw
de,Hultnoagel; de Hultnegel,Holznagel,hw
de,Hultwurm,Holzwurm,hw
de,Hulzken,Holzschuhe,hw
dat,Hulzkenlear,Holzschuhleder,hw
de,Hulzkenmoaker,Holzschuhmacher,hw
de,Hulzkenstierbel,Holzschuhstiefel,hw
de,Hunger,Hunger,hw
de,Hungerhoaken,Mensch (hager),hw
de,Hungerhoarken,Stroh- oder Heuharke (große),hw
,hüngerig (hüngerich),hungrig,hw
,hüpig (hüpich),übermäßig,hw
,hüppken,hüpfen,hw
de,Hürbel,"Hügel, Hobel",hw
de,Hürbelbank,Hobelbank,hw
de,Hurken,Hocke,hw
,hüü,los (Befehl für Zugtiere),hw
,hüünsken,schluchzen,hw
,hüünskerig (hüünskerich),weinerlich,hw
dat,Hüüsken,Häuschen,hw
de,Iber,Übereifer,hw
,iberig (iberich),übereifrig,hw
dat,Iis,Eis,hw
de,Iisbär,Eisbär,hw
de,Iisbleomen,Eisblumen,hw
dat,Iisen,Eisen,hw
de,Iisenboahn,Eisenbahn,hw
,iisig (iisich),eisig,hw
,iiskault,eiskalt,hw
de,Iistappen,Eiszapfen,hw
de,Iisvurgel,Eisvogel,hw
,iken,"eichen (z. B. Gewichte, Waage)",hw
,ile,alleine (schier),hw
de,Ile,Eile,hw
,ilig (ilich),eilig,hw
de,Imme,Biene,hw
de,Immekoorf,Bienenkorb,hw
dat,Immeschiuer,Bienenhaus,hw
dat,Immevulk,Bienenvolk,hw
,in,"in, in (Vorsilbe)",hw
,inbilgen,einbilden,hw
,inboiten,einheizen,hw
,inbreken,einbrechen,hw
,inbuchten,inhaftieren,hw
,inbündken,windeln,hw
,indecken,eindecken,hw
,indiuken,eintauchen,hw
,indregen,eintragen,hw
,indröagen,eintrocknen,hw
,indröahen,einzäunen,hw
,indrürseln,einnicken,hw
,indrürsken,eindösen,hw
,indusseln,einduseln,hw
,infaalen,einfallen,hw
,inföhmen,einfädeln,hw
,infoihen,Ernte einfahren,hw
,infreisen,einfrieren,hw
,infriedigen,einzäunen,hw
,ingeiten,eingießen,hw
,ingierm,eingeben,hw
,inkoken,einkochen,hw
,inkörpen,einkaufen,hw
,inkriegen,"beruhigen, einfahren",hw
,inloaen,einladen,hw
,inmessen,durchnässen,hw
,inmoaken,einmachen,hw
,inne,zu Hause,hw
,innedutten,"entzweit, zerbrochen, kaputt",hw
,inne Fissen,in Ordnung,hw
,inne Fuhr liggen,in der Furche liegen,hw
dat,Innefuhrpeerd,"Pferd (rechts im Gespann, das in der Furche geht)",hw
,innehoien,einhüten (Haus hüten),hw
,inne (in de),"in der, in die",hw
,inne Kiuhlen trehen,hinken,hw
,innemoite,entgegen,hw
,innemoitekurm,entgegenkommen,hw
,innen,"in den, in dem, im",hw
,innen Dürbogen,Deelenvorraum (offen),hw
,inne Richte,in gerader Richtung,hw
,inne Schiermskeraaie,in der Dämmerung,hw
,innessen,einnisten,hw
,inne Tunnen trehen,in die Tonne treten,hw
,innicken,einnicken,hw
,innierm,einnehmen,hw
,inpacken,einpacken,hw
,inplocken,einbröckeln,hw
,inpucken,einschlagen (Wickeltechnik bei Säuglingen),hw
,inpündken,abwiegen,hw
,inrenken,einrenken,hw
,inrichen,einrichten,hw
,inrieben,einreiben,hw
,inriegen,einreihen,hw
,inroihen,einrühren,hw
,inrümen,einräumen,hw
,insacken,einsacken,hw
,insäggen,überzeugen,hw
,insärpen,einseifen,hw
de,Inschlagg (Inschlach),Schussgarn beim Weben,hw
,inschloan,einschlagen,hw
,inschloapen,"einschlafen, entschlafen",hw
,inschmehen,einschmieren,hw
,inschoalen,einschalen,hw
,insetten,einsetzen,hw
,insoarken,einsargen,hw
de,Insoat,Einsaat,hw
,insoiken,sortieren (Kartoffeln),hw
,insölten,einsalzen,hw
,insperrn,einsperren,hw
,inspringen,einspringen (schnell helfen),hw
,instanne,"imstande (gut entwickelte Person), fähig",hw
,insteken,einstecken,hw
,instierlen,einstielen,hw
,instippen,einstippen,hw
,instoahn,einstehen,hw
,insutken,einsauen,hw
,intappen,einzapfen,hw
,inteihn,einziehen,hw
,int (in dat),ins (in das),hw
,intiusken,eintauschen,hw
,intrechtern,eintrichtern,hw
,intrehen,eintreten,hw
de,Intucht,Inzucht,hw
,intüsken,inzwischen,hw
,intüünen,einzäunen,hw
,investoahn,einverstanden,hw
,inwennig (inwennich),inwendig,hw
,inwilligen,einwilligen,hw
,inwossen,eingewachsen,hw
de,Inwürpel,Türverriegelung von innen bei Spangentüren,hw
de,Inwürpelhoaken,Gegenstück zur Türverriegelung,hw
de,Irmel,Blattläuse,hw
de,Irsel,Esel,hw
de,Iuhe,Uhr,hw
de,Iuhekiehen,Uhrkette,hw
de,Iuhemoaker,Uhrmacher,hw
de,Iuhetiet,Uhrzeit,hw
dat,Iuheweerk,Uhrwerk,hw
de,Iulen,Eule,hw
de,Iulenkassen,Eulenkasten,hw
dat,Iulenlock,Eulenloch (Einflugloch),hw
de,Iulenspaaigel,Eulenspiegel,hw
,iuse,"unser, unsere",hw
,Iuse,Unsrige (Familienanhörige),hw
,iusereiner,unsereiner,hw
,iust,unser,hw
,iutbacken,ausbacken,hw
,iutbeoen,ausbauen,hw
,iutbetern,ausbessern,hw
,iutbetoahlen,ausbezahlen,hw
,iutbiulen,ausbeulen,hw
,iutblieben,ausbleiben,hw
,iutbloaihen,ausblühen,hw
,iutbloien,ausbluten,hw
,iutbössen,"ausbürsten, weglaufen",hw
,iutbottern,ausgeschlagen (z. B. Achslager),hw
,iutbrähen,ausbreiten,hw
,iutbreken,ausbrechen,hw
de,Iutbund,Taugenichts,hw
,iutdeilen,austeilen,hw
,iutdenken,ausdenken,hw
,iutdeon,spendieren,hw
de,Iutdiuer,Ausdauer,hw
,iutdöppen,"aushülsen (Erbsen, Bohnen)",hw
,iutdössken,ausdreschen,hw
,iutdraaihen,ausdrehen,hw
,iutdregen,austragen,hw
,iutdrieben,austreiben,hw
,iutdrinken,austrinken,hw
,iutdröagen,austrocknen,hw
,iutdrücken,ausdrücken,hw
,iuten,aus dem,hw
,iutenanner,auseinander,hw
,iuteneine,getrennt,hw
,iutfaalen,ausfallen,hw
,iutfechten,ausfechten,hw
,iutfegen,ausfegen,hw
,iutfeogen,ausfugen,hw
,iutfitken,abstauben (mit dem Gänseflügel),hw
de,Iutflugg; de Iutflüge,Ausflug,hw
,iutfoihen,ausfahren,hw
,iutfransen,ausfransen,hw
,iutfreten,ausfressen,hw
,iutfroagen,ausfragen,hw
,iutgeiten,ausgießen,hw
,iutgierm,ausgeben,hw
,iutgoahn,ausgehen,hw
,iutgroaben,ausgraben,hw
,iutgürlen,herausrieseln,hw
de,Iutguss,Ausguss,hw
de,Iuthang,Aushang,hw
,iuthaulen,aushalten,hw
,iutheilen,ausheilen,hw
,iuthoalen,ausholen,hw
,iuthöarn,aushorchen,hw
,"iut, iute",aus,hw
,iutjuckeln,ausleiern,hw
,iutkieken,auswählen,hw
,iutkielen,ausschlagen,hw
,iutkinnen,auskennen,hw
,iutklaaien,ausbuddeln,hw
,iutklamüsern,erforschen,hw
,iutkloppen,ausklopfen,hw
,iutkniepen,auskneifen,hw
,iutkniepen,fortlaufen,hw
,iutkroamen,auskramen,hw
,iutküen,aussprechen,hw
,iutlachen,auslachen,hw
,iutlährnen,ausleihen,hw
de,Iutlänner,Ausländer,hw
,iutlappen,aussaufen,hw
,iutleggen,auslegen,hw
,iutlicken,auslecken,hw
,iutlierpeln,auslöffeln,hw
,iutliuken,herausziehen,hw
de,Iutlöarper,Ausläufer (Ableger),hw
,iutlöasen,herauslösen,hw
,iutlösken,auslöschen,hw
,iutmessen,ausmisten,hw
,iutmeten,ausmessen,hw
,iutnaaien,weglaufen,hw
,iutnauten,ausdenken,hw
,iutnierm,ausnehmen,hw
,iutoaen,ausarten,hw
,iutplünnern,ausrauben,hw
,iutpündken,auswiegen (pfundweise),hw
,iutreken,ausrechnen,hw
,iutrenken,ausrenken,hw
,iutrichen,ausrichten,hw
,iutrieten,ausreißen,hw
,iutriuhen,ausruhen,hw
,iutscheiten,ausschießen,hw
,iutschellen,ausschimpfen,hw
de,Iutschlagg (Iutschlach),Ausschlag,hw
,iutschliuten,ausschließen,hw
,iutschloapen,ausschlafen,hw
,iutschniehen,"ausschneiden, kastrieren",hw
,iutsetten,aussetzen,hw
,iutsiedeln,aussiedeln,hw
,iutsierben,aussieben,hw
,iutsitten,aussitzen,hw
,iutsöhnen,versöhnen,hw
,iutsoiken,aussuchen,hw
,iutspaaien,ausspucken,hw
,iutsteerben,aussterben,hw
,iutsteken,ausstechen,hw
,iutstoahn,ausstehen,hw
,iutstoppen,ausstopfen,hw
,iutstörten,ausstoßen,hw
de,Iutstüer,Aussteuer,hw
,iutteihn,ausziehen,hw
de,Iutteihnedisk,Ausziehtisch,hw
,iutteiken,auszeichnen,hw
,iuttellen,auszählen,hw
,iuttrehen,austreten,hw
,iutwannern,auswandern,hw
,iutwasken,auswaschen,hw
,iutwassen,auswachsen,hw
de,Iutwegg (Iutwech),Ausweg,hw
,iutwennig (iutwennich),auswendig,hw
,iutwieken,ausweichen,hw
de,Iutwies,Ausweis,hw
,iutwiesen,ausweisen,hw
,iutwossen,ausgewachsen,hw
de,Iutwossene,Erwachsener,hw
,iutzappen,ausschwatzen,hw
,jabbeln,plappern (viel),hw
de,Jabbeloars,Vielredner,hw
de,Jabbelpott,Quasselstrippe,hw
de,Jacht,Jagd,hw
,jachtern,hinterherlaufen,hw
,jackelig (jackelich),instabil (ausgeleiert),hw
de,Jacken,Damenjacke,hw
de,Janewoar,Januar,hw
de,Japp,Heißhunger,hw
,jappen,"aufklappen (Schuh), schlackern ( hat noch Luft)",hw
,jappen,"Luft schnappen, gaffen",hw
de,Jauche,Jauche,hw
dat,Jauchefatt,Jauchefass,hw
dat,Jauchelock,Jauchegrube,hw
,jauchen,jauchen,hw
de,Jeger,Jäger,hw
,jeo,ja,hw
,jickelig,instabil (ausgeleiert),hw
,jitken,fahren (zum Vergnügen),hw
,jiuchen,jauchzen,hw
,joa,ja,hw
,joagen,jagen,hw
,joahnen,gähnen,hw
dat,Joahr,Jahr,hw
,joahrelang,jahrelang,hw
de,Joahrestiet; de Joahrestiehen,Jahreszeit,hw
de,Joahreszoahl,Jahreszahl,hw
de,Joahrkeoken,Lebkuchen vom Jahrmarkt,hw
de,Joahrmoark,Jahrmarkt,hw
de,Jucht,Prügel,hw
,juckeln,herumfahren,hw
,jüjacken,hin- und herbewegen (ohne rechtes Weiterkommen),hw
de,Juli,Juli,hw
de,Junge,"Sohn, Junge",hw
de,Juni,Juni,hw
de,Juppen,Herrenjacke,hw
de,Jürk,Juckreiz,hw
,jürken,jucken,hw
,kaalben,kalben,hw
,kaalbern,balgen,hw
dat,Kaalf; de Kälber,Kalb,hw
de,Kaalk,Kalk,hw
,kaalken,"Kalk streuen, kalken",hw
de,Kaalkkiuhlen,Kalkgrube,hw
de,Kaalkloaen,Kalkwanne zum Kalk löschen,hw
de,Kaalkohmn,Kalkofen,hw
de,Kabacke,Haus (verfallen),hw
de,Kabbelaaie,Streiterei (freundschaftlich),hw
,kabbeln,streiten (freundschaftlich),hw
,käbbeln,streiten (freundschaftlich),hw
de,Kachelohmn,Kachelofen,hw
dat,Kaff,Spreu (die beim Korn dreschen anfällt),hw
de,Kaffe,Kaffee,hw
de,Kaffebauhnen,Kaffeebohnen,hw
dat,Kaffedicksel,Kaffeesatz,hw
de,Kaffekannen,Kaffeekanne,hw
de,Kaffekiertel,Kaffeekessel,hw
de,Kaffemührlen,Kaffeemühle,hw
de,Kaffeprütt,Kaffeesatz,hw
de,Kaffetiet,Kaffeezeit,hw
de,Kaffwannen,Spreuwanne,hw
dat,Kammrad,Zahnrad aus Holz,hw
,kann (kanns),kann (kannst),hw
,kanns diu (konns diu),kannst du,hw
de,Kanter,Kantor (Organist),hw
de,Kanthoaken,Kanthaken (Stange mit Eisenhaken zum Bewegen von Baumstämmen),hw
dat,Kanthult,Kantholz,hw
de,Käse,Käse,hw
de,Kasse,"Kasse, Geldinstitut",hw
,katrente goahn,"fliehen, abhauen",hw
de,Katte,Katze,hw
,katthoaken,streiten,hw
de,Kaul,Kohl,hw
,kault,kalt,hw
de,Keerken,Kirche,hw
de,Keerkenbank,Kirchenbank,hw
dat,Keerkenbeok,Kirchenbuch,hw
de,Keerkeniuhe,Kirchenuhr,hw
de,Keerkensteohl,Kirchenstuhl,hw
de,Keerkhoff,Friedhof,hw
de,Keerkturm,Kirchturm,hw
,kehen,kehren,hw
de,Kehln,Kehle,hw
,kein,kein,hw
,keinen,keinen,hw
,keinmoal,niemals,hw
de,Kelenner,Kalender,hw
dat,Kellerlock,Kellerloch,hw
de,Kelln,"Kelle, Schöpfkelle",hw
,kelln (et kellt),schmerzen (es schmerzt),hw
de,Kemellen,Kamille,hw
de,Kemeode,Kommode,hw
,kemeodig (kemeodich),"angenehm, bequem",hw
dat,Kenienken,Kaninchen,hw
,keoen,kauen,hw
de,Keoh,Kuh,hw
de,Keohbiuer,Kuhbauer,hw
de,Keohkiehen,Kuhkette,hw
de,Keohstärt,Kuhschwanz,hw
dat,Keohveih,Kühe,hw
de,Keoken,Kuchen,hw
dat,Keokenbleck,Kuchenblech,hw
de,Keokenploaten,Kuchenblech,hw
de,Kerl,Mann,hw
de,Kerls,Männer,hw
dat,Ketäakelken,Eichhörnchen,hw
,ketaulsk,katholisch,hw
,ketaulsk,"verkehrt, undurchsichtig, fremd (diskriminierend)",hw
dat,Keterkelken,Eichhörnchen,hw
de,Ketuffel,Kartoffel,hw
de,Kiehen,Kette,hw
dat,Kiehenlett,Kettenglied,hw
,kieken,"gucken, schauen",hw
de,Kiel,Keil,hw
,kielhacken,weglaufen,hw
,kiemen,keimen,hw
de,Kiemen,Keim,hw
dat,Kiend,Kind,hw
de,Kierseling,Findling,hw
de,Kiertel,Kessel,hw
de,Kinkerlitzken,Nichtigkeit (unnützer Kram),hw
,kinnen,kennen,hw
de,Kinner,Kinder,hw
de,Kinneraaie,Kinderei,hw
dat,Kinnerberre,Kinderbett,hw
de,Kinnerdörpe,Kindtaufe,hw
de,Kinnergoaen,Kindergarten,hw
de,Kinnersteohl,Kinderstuhl,hw
de,Kinnerwoagen,Kinderwagen,hw
de,Kipp,Walm,hw
de,Kippkoaen,Kippkarre,hw
de,Kisken,Kirschen,hw
de,Kiskenstein,Kirschenstein,hw
dat,Kitken,Gefängnis,hw
de,Kiugel,Kugel,hw
de,Kiuhlen,Kuhle,hw
de,Kiuhlengreber,Friedhofswärter,hw
,kium,kaum,hw
de,Kiusen,"Backenzahn, Scharte im Werkzeug",hw
de,Kiusenbreker,Zahnarzt,hw
,klaaien,"klettern, kratzen, kritzeln",hw
de,Klaaieraaie,Schmiererei (im Schulheft),hw
de,Kläärbürgel,Kleiderbügel,hw
dat,Kläärschapp,Kleiderschrank,hw
,klabasterig (klabasterich),hektisch,hw
,klabastern,hasten,hw
,kläen,kleiden,hw
,klamüsern,"zerlegen, sortieren",hw
de,Klapprekner,Laptop,hw
,klärben,kleben,hw
dat,Klärd,Kleid,hw
de,Klasse,Klasse,hw
de,Klatten,Haare (verfilzt),hw
de,Klaut,Hoden (Einzahl),hw
,klebusterig (klebusterich),hektisch,hw
,klebustern,hasten,hw
dat,Kleoen,Knäuel,hw
,kleok,"klug, schlau",hw
de,Kleokschieter,Klugscheißer,hw
de,Kleokschieter,Wasserwaage,hw
de,Kletertasken,geschwätzige Frau,hw
de,Klierbeklatten,Kletten,hw
,klierben,kleben,hw
de,Kliester,Kleister,hw
,kliestern,kleistern,hw
de,Klingelbühl,Klingelbeutel,hw
dat,Klitzkenzapp,Lakritz,hw
,klitzkerig (klitzkerich),klebrig,hw
de,Kliuten,Erdklumpen,hw
,kliutendichte,klar im Kopf,hw
de,Kliutentreher,Bauer (scherzhaft),hw
de,Kloaber,Klee,hw
,kloar,klar,hw
de,Klöarben,Klöben,hw
,kloarmoaken,erklären,hw
de,Klöäte,Hoden (Mehrzahl),hw
dat,Klobenmest,Schälmesser,hw
de,Klocken,"Glocke, Glocken",hw
de,Klopphingst,Hengst (analog zum Binneneber),hw
,kloterig (kloterich),kaputt,hw
de,Klucke,Bruthenne,hw
,klucksk,brutbereit,hw
de,Klümpe,"Grießklöße, Mehlklöße",hw
dat,Klümpken,Bonbons,hw
dat,Klumpsoat,Stoppelrübensamen,hw
de,Klüngelpott,Trödelfritze,hw
,klunstern,"hinfallen, polterndes Hinfallen",hw
dat,Klürtergeld,Kleingeld,hw
,klürterig (klürterich),klapperig (krank),hw
de,Klürtern,Kotbrocken am Tierfell (besonders bei Kühen),hw
,klürtern,klackerndes Geräusch,hw
,klüütken,werfen mit Erdklumpen oder Steinchen,hw
,knaaien,knien,hw
de,Knaail,Kaneel (Zimt),hw
de,Knaibiulen,Kniekehle,hw
dat,Knai; de Knaaie,Knie,hw
de,Knail,Zimt,hw
,knaisärlen,Kniefessel (bei einer Kuh einen Strick von den Hörnern zum Knie binden),hw
de,Knaischieben,Kniescheibe,hw
,knappe,"knapp, eng, kaum",hw
,knappen,knacken,hw
de,Knaup,Knopf,hw
,knellen,"prellen, stoßen",hw
de,Kneost,Knust (Endstück des Brotes),hw
de,Knibbelaaie,Feinarbeit,hw
,knibbelig (knibbelich),kniffelig,hw
dat,Knick,Genick,hw
,knickerig (knickerich),knauserig,hw
,kniepen,"kneifen, frieren",hw
,kniepig (kniepich),geizig,hw
de,Knieptangen,Kneifzange,hw
de,Knierpe,Kniff,hw
,knippörgen,zwinkern,hw
,kniuserig (kniuserich),geizig,hw
de,Knoal,Kanal,hw
de,Knoken,Knochen,hw
de,Knokenbreker,Osteopat,hw
de,Knubbel,Knoten unter der Haut,hw
de,Knubbelknoken,Knorpel,hw
,knüppen,knüpfen,hw
de,Knüppen,Knoten,hw
de,Knüttelstock,Stricknadel,hw
,knütten,stricken,hw
,knüücheln,knittern,hw
de,Koaen,Karre,hw
,koahl,kahl,hw
de,Koahn,Kahn,hw
de,Koarten,Karte,hw
de,Koater,Kater,hw
,koaterig,verkatert,hw
,kodderig,"schlecht fühlen, Übelkeit",hw
de,Kohlflachen,Seitenwände beim Kastenwagen,hw
de,Kohlflachenwoagen,Kastenwagen,hw
de,Koihe,Kühe,hw
,koken,kochen,hw
de,Kokmeschinen,Küchenherd,hw
,kölpen,rülpsen,hw
dat,Kommerfack,Zimmer in der hinteren Giebelseite,hw
de,Konfematzieon,Konfirmation,hw
dat,Konfiefken,Seilschaft,hw
de,König,König,hw
de,Königin,Königin,hw
dat,Kooen,"Getreide, Getreidekorn",hw
de,Kooen,Korn (alkoholisches Getränk),hw
de,Kooenbleomen,Kornblumen,hw
dat,Kööksel,Eintopf,hw
de,Koorf,Korb,hw
,köörfken,flechten (Weidenkörbe),hw
de,Köörfker,Korbflechter,hw
de,Koorfpullen,Korbflasche,hw
de,Kopp; de Köppe,Kopf,hw
de,Koppelbaum,Querstück aus Eisen (an der Deichsel für Zweispänner),hw
,köppen,köpfen,hw
dat,Köppken,Tasse,hw
dat,Koppküssen,Kopfkissen,hw
,koppsober,kopfüber (mit dem Kopf voran),hw
dat,Koppweih,Kopfschmerzen,hw
,körpen,kaufen,hw
,kort,kurz,hw
,kossen,kosten,hw
de,Kossen,Kruste,hw
,kputt,kaputt,hw
de,Krach,Krach,hw
de,Kräcken,Türverschluss (drehbares Querholz),hw
,krank,krank,hw
de,Krankhert,Krankheit,hw
de,Krassen,Handgerät zum Kämmen von Rohwolle,hw
de,Kraum,Kram,hw
de,Kreog,"Krug, Gastwirtschaft Meyers Krug",hw
de,Kreonsbiehen,Preiselbeeren,hw
de,Kresseohn,Endstück einer Peitsche,hw
de,Kriede,Kreide,hw
,kriegen,bekommen,hw
,kriegen,einfangen,hw
,kriermeln,krimmeln,hw
de,Kries,Kreis,hw
,kriesken,kreischen,hw
,krieskensiuer,sauer (extrem),hw
de,Kring,Kreis,hw
de,Kriuken,Karaffe aus Ton,hw
,kriupen,kriechen,hw
dat,Kriuplock,Schlupfloch,hw
,krius,kraus,hw
de,Kriuskopp,Lockenkopf,hw
dat,Kriut,Unkraut,hw
de,Kroagen,Kragen,hw
de,Kroam,Kram,hw
de,Kroamsticken,Krempel,hw
,kroasken,Hühnerlaut (vom zufriedenen Huhn),hw
de,Kroiger,Gastwirt,hw
de,Kroinen,Kraniche,hw
de,Kruck,Quergriff am Spatenstiel,hw
de,Krummheoer,Queraxt (diente zum Behauen von Sparren und Balken an der Oberseite),hw
de,Krummstänner,Schrägbalken im Fachwerk,hw
de,Krummstock,Querholz zum Aufhängen eines geschlachteten Schweines,hw
de,Krüpers,Buschbohnen,hw
de,Krüppen,"Futtertrog, Krippe",hw
de,Krüsel,Kreisel,hw
,krüseln,wirbeln,hw
de,Krüselwiend,Windhose (schwach),hw
,krüsselig (krüsselich),geschwächt und hinfällig,hw
dat,Krüüß,"Rücken, Wirbelsäule",hw
dat,Krüüß,Kreuz,hw
,küen,"reden, sprechen",hw
de,Küeraaie,"Gerede, Gerücht",hw
de,Kuffer,"Koffer, Holztruhe mit gewölbtem Deckel",hw
de,Külle,Kälte,hw
,kumm,komm,hw
de,Kump,Schüssel,hw
de,Kumst,Weißkohl,hw
de,Kumsthürbel,Kohlhobel,hw
de,Kunne,"Kunde, Kenntnis",hw
,künnig (künnich),sachkundig (erfahren),hw
,künnt,könnt,hw
,kuntant,"munter, gesund",hw
de,Kürken,Küche,hw
dat,Kürkendeok,Küchentuch,hw
de,Kürkendisk,Küchentisch,hw
dat,Kürkenschapp,Küchenschrank,hw
de,Kürkensteohl,Küchenstuhl,hw
,kurm (kamm),kommen (kam),hw
,kürnen,können,hw
dat,Kürßel,Gerede,hw
de,Kürtel,Köttel,hw
,kürteln,koten von Kotklümpchen,hw
dat,Küssen,Kissen,hw
de,Küssenbetogg (Küssenbetoch),Kissenbezug,hw
de,Kutsken,Kutsche,hw
de,Kutskwoagen,Kutschwagen,hw
de,Kuttosse,Kuh (flapsig),hw
,laaien,leiten (zügeln),hw
de,Laaien,Leine,hw
,labberig (labberich),fade (geschmacklos),hw
,lachen,lachen,hw
,lacke,"locker, lose, ertraglos (taube Ähren oder Nüsse)",hw
,läen,lernen,hw
de,Läerjunge,Lehrling (Auszubildender),hw
de,Läertiet,Lehrzeit,hw
,laff,dünn (z. B. Kaffee),hw
de,Lährm,Lehm,hw
de,Lährmkiuhlen,Lehmkuhle,hw
,lährnen,leihen,hw
dat,Lämmken,Lämmlein,hw
de,Landstroate,Landstraße,hw
dat,Land (uppen Lanne),"Land, Acker",hw
,lang,lang,hw
de,Längde,Länge,hw
,lange,lange,hw
,langen,reichen,hw
,längen,länger werden,hw
,langes,entlang,hw
,langeskieken,"entlangsehen, verstehen",hw
,langeskurm,"entlangkommen, auskommen",hw
,längest,längst,hw
de,Langewiele,Langeweile,hw
,langsoam,langsam,hw
,langwielig (langwielich),langweilig,hw
de,Langwoagen,Verbindungsstück zur Verlängerung eines Ackerwagens,hw
de,Länneraaien,"Ländereien, Grundbesitz",hw
,lappen,trinken,hw
dat,Lärd,Leid,hw
dat,Lärge,das Böse,hw
de,Lärge,der Böse,hw
,lärge,schlimm,hw
,Lärges,Schlimmes,hw
de,Lärghert (Lärchhert),Schlechtigkeit,hw
de,Latüchen,Laterne,hw
dat,Lauf,Laub,hw
de,Lauhn,Lohn,hw
,lauhnen,"lohnen, entlohnen",hw
,laupen,laufen,hw
de,Lauperaaie,"Lauferei, Durchfall, Verwaltungshäufigkeit",hw
,laus,los,hw
dat,Laus,Los,hw
,lausbienen,losbinden,hw
,lausbössen,lossausen,hw
,lause,lose,hw
,lauslaupen,loslaufen,hw
,laustrehen,lostreten,hw
dat,Lear,Leder,hw
,lebennig (lebennich),lebendig,hw
de,Lechmissen,Lichtmess (2. Februar),hw
dat,Lecht,"Licht, Kerze",hw
de,Legenten,Nutzloses,hw
dat,Leggeheohn,Legehenne,hw
,leggen,legen,hw
,leibe,liebe,hw
,leiber,lieber,hw
,leif,lieb,hw
,leif hämmen,"lieb haben, lieben",hw
de,Leifte,Liebe,hw
,leigen,lügen,hw
,leo,lau,hw
de,Leoe,Flamme (lodernd),hw
,leowoarm,lauwarm,hw
de,Lerrern,Leiter,hw
de,Lerrernstock,Leitersprosse,hw
de,Lerrernwoagen,Leiterwagen,hw
dat,Lesebeok,Lesebuch,hw
,leste,letzte,hw
de,Leste,Letzter,hw
,lestenennes,letztendlich,hw
,lestens,kürzlich,hw
dat,Lett,Glied (Kettenglied),hw
,letten,achten,hw
de,Lexen,Lektionen (Hausaufgaben),hw
,libbe,"geschmacklos, fade",hw
de,Lichfitk,Leichtfuß,hw
,lichföarig (lichföarich),leichtfertig,hw
,lichte,leicht,hw
de,Lichtschinken,Leichtfuß,hw
de,Lichwitz,Leichtfuß (Spinner),hw
de,Lichwitz,Lebemann,hw
,licken,lecken,hw
,lickmiulen,"Mund lecken (vor Begierde, in Erwartung)",hw
,licksk,scharf sein auf etwas,hw
de,Liebertroan,Lebertran,hw
dat,Lied,Lied,hw
dat,Lief,Leib,hw
dat,Liefken,Leibchen (Mieder),hw
de,Lieftiet,"Altenteil, Ruhestand",hw
dat,Liefweih,Bauchschmerzen,hw
,liehen,"leiden, zulassen, gern haben",hw
dat,Liekdörn,Hühnerauge,hw
,lieke,gerade,hw
,lieke ault,gleichaltrig,hw
,lieke doal,gerade herunter,hw
,lieke iut,geradeaus,hw
de,Liekenbitter,Leichenbitter,hw
de,Liekenwoagen,Leichenwagen,hw
dat,Liekloaken,Leichentuch,hw
dat,Liek (noan Lieke),Beerdigung (zur Beerdigung),hw
de,Liem,Leim,hw
,liemen,leimen,hw
de,Liempott,Leimtopf,hw
de,Lien,Lein (Flachs),hw
,lienen,leinen (aus Leinen),hw
dat,Lienen,Leinen,hw
de,Liengen,Leine,hw
de,Liengen,Linie,hw
dat,Lienölge,Leinöl,hw
dat,Liensoat,Leinsamen,hw
de,Lierbedoage,Ereignis (mit vielen Menschen),hw
de,Lierbedoage,"Umstand (aufwändig, übertrieben)",hw
de,Lierbedoage,Lebenszeit,hw
,lierben,leben,hw
dat,Lierben,Leben,hw
de,Lierbern,Leber,hw
,lierbern,liefern,hw
de,Lierberwost,Leberwurst,hw
,lierg (lierch),leer,hw
de,Lierglörper (Lierchlörper),Müßiggänger,hw
,liergmoaken (lierchmoaken),leeren,hw
de,Lierpel,Löffel,hw
,liese,leise,hw
de,Lieskentreher,Scheinheiliger,hw
de,Liesten,Leiste,hw
,liggen,liegen,hw
,lihrnen,lehnen,hw
de,Lihrnen,Lehne,hw
,linkehand,links,hw
de,Litter,Liter,hw
dat,Littermoate,Litermaß,hw
,liuen,warten,hw
de,Liuer,Lauer,hw
,liuerig (liuerich),schwülwarm,hw
,liuern,"lauern, warten",hw
,liuken,ziehen,hw
de,Liuken,Luke,hw
de,Lius,Laus,hw
de,Liusebummel,Kind (das Läuse hat),hw
de,Liusemähln,Melde (Unkraut),hw
,liuter,"lauter, nur",hw
,liuthaals,lauthals,hw
dat,Löabecken,Feldlerche,hw
de,Loaden,"Laden, Geschäft",hw
de,Loadendeiner,Verkäufer,hw
de,Loaen,"Schublade, Lade",hw
de,Loage,Lage,hw
dat,Loager,Lager,hw
,loahm,lahm,hw
,loahmen,lahmen,hw
,löahnen,löhnen,hw
de,Loake,Lake,hw
dat,Loaken,Laken,hw
,löan,"löten, saufen",hw
,löapsk,läufig (z.B. bei Hunden),hw
de,Löarper,Läufer,hw
,loate,spät,hw
,loaten,lassen,hw
dat,Lock,"Loch, Talsenke, Gefängnis",hw
dat,Loff,Lob,hw
de,Löffte,Verlobung,hw
,loie,träge,hw
,loien,weinen (ausdauernd),hw
de,Lokus,Toilette,hw
dat,Löskeblatt,Löschblatt,hw
,lösken,löschen,hw
,lüchen,leuchten,hw
de,Lüchen,Leuchte,hw
de,Lucht,Lampe,hw
de,Luchtort,Seitenausgang im alten Bauernhaus (Bereich davor),hw
de,Luft,Luft,hw
de,"Lügbühl, de Lürgenbühl",Lügner (verlogener Mensch),hw
de,Lühe,Leute,hw
,lühen,läuten,hw
dat,Lüht,"Mädchen, Tochter",hw
de,Lüning,Spatz oder Sperling,hw
de,Lürgen,Lügen,hw
dat,Lürgeniis,Eis mit Hohlräumen (nichttragend),hw
de,Lüse,Läuse,hw
de,Lussen,Lust,hw
,lüssen,wundern,hw
,lussenlaus,lustlos,hw
,lütk,klein,hw
,lütke,kleine,hw
dat,Lütke,Mädchen (klein),hw
de,Lütke,Junge (klein),hw
,lütken,gebären,hw
,lütker Knaup,Junge (klein),hw
,Lütkes (wat Lütkes),Neugeborenes,hw
,lutt,"klingt, lautet",hw
de,Lutten,"Geläut, Klang",hw
de,Maai,Mai,hw
de,Maaibaum,Maibaum,hw
dat,Maaigroin,Birkengrün zu Pfingsten,hw
de,Maaihbaalken,Mähbalken,hw
,maaihen,mähen,hw
de,Maaihmeschinen,Mähmaschine,hw
de,Maairegen,Mairegen (gut für die Saat),hw
,maaisten,meisten,hw
,maaistendeils,größtenteils,hw
de,Maaitiet,Frühjahr,hw
,magg (mach),mag,hw
,mähr,mehr,hw
,mährere,mehrere,hw
de,Mama,Mama,hw
,man,"man, nur",hw
,mannicheiner,"mehrere, einige, viele",hw
,mannichmoal,manchmal,hw
dat,Männken,männliches Tier,hw
,Manschetten hämmen,Respekt haben,hw
de,Manschettenknaup,Manschettenknopf,hw
,man teo,los (anfeuern),hw
,märßen,mästen,hw
dat,Märßeschwien,Mastschwein,hw
de,März,März,hw
de,Masken,Masche,hw
de,Maskendroaht,Maschendraht,hw
de,Matten,Matte,hw
,meerken,merken,hw
,meinen,meinen,hw
de,Melessen,Zipperlein,hw
de,Melk,Milch,hw
,melk,milchgebend,hw
,Melk dürsaaien,Milch filtern,hw
de,Melkebock,Melkschemel,hw
,melken,melken,hw
de,Melkkannen,Milchkanne,hw
de,Melkkommern,Milchkammer,hw
de,Melkömmer,Milcheimer,hw
de,Melkpott,Milchtopf,hw
de,Melkstroate,Milchstraße,hw
,melk wern,kalben,hw
,mellen,melden,hw
de,Meniuten,Minute,hw
de,Meode,"Mode, Sitte",hw
de,Meoen,Ärmel,hw
dat,Meoer,Moor,hw
de,Meoerhulzken,Moorholzschuhe,hw
de,Meoerschluck,Moorbrand (alkoholisches Getränk),hw
de,Meoertiet,Torfstichzeit,hw
dat,Meos,Mus,hw
de,Meot,Mut,hw
,meotwillig (meotwillich),mutwillig,hw
de,Meschinen,Maschine,hw
de,Mess,"Mist, Quatsch",hw
,messen,misten,hw
de,Messflachen,Seitenbretter vom Ackerwagen (niedrig),hw
de,Messfoorken,Mistforke,hw
de,Messhaupen,Misthaufen,hw
de,Messhoaken,Misthaken (Forke mit drei umgebogenen Zinken),hw
de,Messkiuhlen,Mistkuhle,hw
,messnait,ungebraucht (ganz neu),hw
,messnatt,klatschnass,hw
de,Messwoagen,Mistwagen,hw
dat,Mest,Messer,hw
,meten,messen,hw
de,Meter,Meter,hw
de,Meters,Landvermesser,hw
dat,Mett,Gehacktes,hw
de,Mettwost,Mettwurst,hw
,mi,"mir, mich",hw
de,Miegematten,Ameise,hw
,miegen,urinieren,hw
,miegenwoarm,lauwarm,hw
de,Miegewüppen,Schiffschaukel (scherzhaft),hw
,miehe,mit,hw
,miehegoahn,mitgehen,hw
de,Miehen,Vogelmiere,hw
,mien,mein,hw
,miene,meine,hw
dat,Mienejoahr,Neujahrsgruß,hw
,mienen,"meinen, meinem",hw
,mienthaalben,meinethalben,hw
,mientwegen,meinetwegen,hw
de,Mierken,Regenwürmer,hw
de,Miesepriem,Miesepeter,hw
,mießeln,nieseln,hw
de,Milljeonen,Millionen,hw
,minne,"zart, klein, wenig",hw
,minnesaaien,reduzieren,hw
de,Minn’ner Misse,Mindener Messe,hw
de,Minske,Mensch,hw
dat,Minskenkiend,Menschenkind,hw
de,Mirragg (Mirrach),Mittag,hw
dat,Mirragg (Mirrach),Mittagessen,hw
de,Mirraggschloap (Mirrachschloap),Mittagsschlaf,hw
de,Mirre,Mitte,hw
de,Mirrewierken,Mittwoch,hw
,mirroages,mittags,hw
de,Mirroagestiet,Mittagszeit,hw
,misken,mischen,hw
de,Misse,Messe,hw
,missen,entbehren,hw
,mit,mit,hw
,miteis,plötzlich,hw
,mitte,mit der,hw
,mitten,"mit den, mit dem",hw
,mittenanner,miteinander,hw
,mittendür,mittendurch,hw
,mittlewiele,mittlerweile,hw
de,Miuken,Dreschabfall,hw
dat,Miul,Maul,hw
,miulen,maulen,hw
,miulfiul,wortkarg,hw
de,Miulkoorf,Maulkorb,hw
de,Miuloape,Maulaffe,hw
,miuloapen,gaffen,hw
de,Mius,Maus,hw
de,Miusefaalgen,Mausefalle,hw
de,Miusekürtel,Mausekot,hw
dat,Miuselock,Mauseloch,hw
,miusen,mausen,hw
dat,Moaged,Magd,hw
de,Moagen,Magen,hw
,moahlen,mahlen,hw
de,Moahltiet,Mahlzeit,hw
,Moain,guten Morgen,hw
de,Moaite,Mühe,hw
,moaken,machen,hw
,moal,"einmal, mal",hw
,moalen,malen,hw
de,Moand,Mond,hw
de,Moandagg (Moandach),Montag,hw
de,Moark,Markt,hw
dat,Moark,Mark (Knochenmark),hw
de,Moark,DM (Deutsche Mark),hw
dat,Moate,Maß,hw
,möche,möchte,hw
,mohen,morgen,hw
de,Mohen,Morgen,hw
,moie,müde,hw
de,Moime,Mutter,hw
de,Möller,Müller,hw
de,Monat,Monat,hw
dat,Moss,Moos,hw
de,Möttke,Matsch,hw
,müe,morsch,hw
de,Muen,Morast,hw
,müen,mauern,hw
de,Müen,Mauer,hw
dat,Müerweerk,Mauerwerk,hw
de,Müggen,Mücken,hw
de,Mührlen,Mühle,hw
de,Mührlendiek,Mühlenteich,hw
dat,Mührlenfärld,Mühlenfeld,hw
de,Mührlenflürgel,Mühlenflügel,hw
dat,Mührlenrad,Mühlrad,hw
dat,Mulkenschapp,Milchschrank mit Klappe,hw
de,Mulkeraaie,Molkerei,hw
de,Mund,Mund,hw
,mundsmoate,mundgerecht,hw
,mundvull,bisschen,hw
,"mürgen (magg, möche)","mögen (mag, möchte)",hw
de,Murken,Knopfakkordeon,hw
de,Mürker,Maurer,hw
,mürten,müssen,hw
de,Musick,Musik,hw
de,Müssen,Mütze,hw
de,Mutte,Mutter,hw
de,Mutten,Matsch,hw
de,Mutz,Pfeife (kurz),hw
,müülsk,mürrisch,hw
,nä,nein,ab
,naaien,neuen,ab
,naaien (eine naaien),hauen,ab
,naaie Stoobm,Wohnzimmer für den Besuch,ab
,naaiet,neues,ab
,naaihen,nähen,ab
dat,Naaihgoarn,Nähgarn,ab
de,Naaihkassen,Nähkasten,ab
de,Naaihmeschinen,Nähmaschine,ab
de,Naaihnoartel,Nähnadel,ab
de,Naaihske,"Schneiderin, Hausschneiderin",ab
,Naamd,guten Abend,ab
,naarsk,närrisch,ab
de,Nachmisse,Abendbrot,ab
de,Nachmüssen,Nachtmütze,ab
,Nacht,gute Nacht,ab
de,Nacht,Nacht,ab
de,Nachtiuln,"Nachteule, Nachtschwärmer",ab
de,Nachtschloapenstiet,Schlafenszeit,ab
de,Nachtsteohl,Toilettenstuhl,ab
de,Nacken,Nacken,ab
de,Naffel,Bauchnabel,ab
,naitmelken (Keoh),frischmelkend (Kuh),ab
,naitmoidsk,neumodisch,ab
,"nait, naaie","neu, neue",ab
,naitschierig,neugierig,hw
,naitschierig (naitschierig),neugierig,ab
,nämlich,nämlich,ab
de,Nammdagg (Nammdach),Nachmittag,ab
dat,Napp,Napf,ab
de,Nask,Dose,ab
,natt,nass,ab
de,Nätte,Nässe,ab
,nattkault,nasskalt,ab
,natürlich,natürlich,ab
,nau,noch,ab
,naugroa,"mittlerweile, inzwischen",hw
,naumoal,nochmal,ab
de,Naut,Not,ab
de,Nautgroschen,Notgroschen,ab
de,Nautriepe,Notreife,ab
,ne,eine,ab
,negeln,nageln,ab
dat,Nejoahr,Neujahr,ab
,nen,einen,ab
de,Nesen,Nase,ab
dat,Nesenlock,Nasenloch,ab
dat,Nest,Nest,ab
,nich,nicht,ab
,niches,"nicht einmal, gar kein, gar nicht",hw
,nich woar︖,nicht wahr︖,hw
,nickköppen,nicken,ab
,nie,nie,ab
de,Niehen,Niere,ab
de,Niehendür,Deelentür (in der Regel viergeteilt),ab
,niepe,genau,ab
de,Nierbel,Nebel,ab
,nierbelig (nierbelich),neblig,ab
,niergen,neun,ab
,niergens,nirgends,ab
,nierm,nehmen,ab
de,Niertel,Nessel,ab
,nimmernöchtern,blass,ab
,niu,nun,ab
,nix,nichts,ab
,noa,"nach, zu",ab
de,Noaber,Nachbar,ab
de,Noaberskopp,Nachbarschaft,ab
,noadenken,nachdenken,ab
,noadregen,nachtragen,ab
,noafroagen,nachfragen,ab
de,Noageburt,Nachgeburt,ab
de,Noagel; de Negel,Nagel,ab
de,Noagelschmett,Nagelschmied,ab
,nöagen,bedrängen (intensives Bitten),ab
,nöager,näher,ab
de,Nöagesten,nahe Verwandte,ab
,noagierm,nachgeben,ab
,noah,nah,ab
,noahe,nahe,ab
,noahebi,nahebei,ab
,noaheer,nachher,ab
,noahoarken,nachharken,ab
de,Noaht,Naht,ab
,noakend,nackt,ab
,noakieken,"nachsehen, überprüfen",ab
,noalaupen,nachlaufen,ab
de,Noaloat,"Nachkomme, Nachlass",ab
,noaloaten,nachlassen,ab
de,Noame,Name,ab
,noamhaft moaken,namhaft machen,ab
de,Noarben,Narbe,ab
de,Noaricht,Nachricht,ab
,nöarig (nöarich),"nötig, notwendig",ab
,noasäggen,"nachsagen, verleumden",ab
,noaseihn,"nachsehen, verprügeln",ab
dat,Noaseihn,Enttäuschung,ab
dat,Noaspell,Nachspiel,ab
,noa un noa,"nach und nach, allmählich",ab
,noavetellen,nacherzählen,ab
,nöchtern,nüchtern,ab
,noisterig (noisterich),zornig,ab
,nömms,"keiner, niemand",ab
de,Nottbaum,Nussbaum,ab
de,Nottbusk,Haselnussstrauch,ab
de,Nott; de Nürte,"Nuss, Nüsse",ab
de,Nottschoalen,Nussschale(n),ab
de,November,November,ab
de,Nuck,Groll,ab
de,Nücke,Macken oder Eigenarten in der Persönlichkeit,ab
,nücken,knoten,ab
,nur,nur,ab
,nüssken,stoßen (hinterhältig einen kleinen Hieb verpassen),ab
,nütte,nützlich,ab
,oabe,ab,ab
de,Oabend,Abend,ab
dat,Oabendbraut,Abendbrot,ab
dat,Oabendmoahl,Abendmahl,ab
,oaber,aber,ab
,oahnen,ahnen,ab
de,Oahnunge,Vorahnung,ab
dat,Oahr,Ähre,ab
de,Oahre,Ähren,ab
de,Oal,"Aal, Jauche",ab
dat,Oalfatt,Jauchefass,ab
de,Oant; de Eene,Ente,ab
de,Oape,Affe,ab
de,Oarbert,Arbeit,ab
,oarberten,arbeiten,ab
de,Oarberters,Arbeiter,ab
,oarkeoen,wiederkäuen,ab
,oarm,arm,ab
de,Oarm,Arm,ab
de,Oarmkoorf,Bügelkorb (zu feinen Anlässen),ab
de,Oarnewennge,Wendestreifen vor dem Acker,ab
de,Oarnunge,Ordnung,ab
de,Oars,"Arsch, Hintern",ab
de,Oarsbacken,Gesäß,ab
dat,Oarslock,"Arschloch, After",ab
de,Oart,"Art, Ausartung",ab
,ob,ob,ab
,ober,"über, übrig",ab
,oberbaaien,überbieten,ab
,oberbölken,überschreien,ab
,oberdraaihen,überdrehen,ab
,oberdrieben,übertreiben,ab
,oberfoihen,überfahren,ab
,obergebott,zusätzlich,ab
,oberhaupt,überhaupt,ab
dat,Oberhiermd,Oberhemd,ab
,oberkopps,kopfüber,ab
,oberlaupen,überlaufen,ab
,oberlierben,überleben,ab
,oberloaten,überlassen,ab
,obernierm,übernehmen,ab
,oberschiersk,überjährig,ab
,oberschlobbern,bekleckern,hw
,oberschnappen,überschnappen,ab
,obersetten,übersetzen,ab
,oberstrieken,überstreichen,ab
,oberstülpen,überstülpen,ab
,oberteihn,überziehen,ab
,obertorrern,verlieren (unachtsam),hw
,obertügen,überzeugen,ab
,oberull,überall,ab
,oberweggseihn (oberwechseihn),darüber hinwegsehen,ab
,oberwittken,überweißen,ab
dat,Oberwoater,Oberwasser,ab
,och,ach,ab
de,Ohen,Ohren,ab
,oh Gäste,Hilfe (Ausdruck des Erstaunens),ab
de,Ohmn,Ofen,ab
de,Ohmndür,Ofentür,ab
de,Ohmnklappen,Ofenklappe,ab
dat,Ohmnlock,Ofenloch,ab
de,Ohmnringe,Ofenringe,ab
dat,Ohmnrohr,Ofenrohr,ab
,öhn,"ihn, ihm",ab
,ohne,ohne,ab
,öhne,seine,ab
dat,Ohr,Ohr,ab
,öhr,ihr,ab
,öhre,ihre,ab
,öhrt,ihres,ab
dat,Oiber,Ufer,ab
dat,Oiber,"Steg in der Torfkuhle, Menge (große)",ab
,oilen,wühlen,ab
de,Oisen,Ösen,ab
dat,Oisken,Scheide,hw
de,Oktober,Oktober,ab
dat,Ölge,Öl,ab
de,Ölgemührlen,Ölmühle,ab
de,Ölgepullen,Ölflasche,ab
de,Ölgesoat,Rübsamen,ab
dat,Öller,Alter,hw
de,Öllern,Eltern,ab
de,Ölste,Ältester,ab
de,Oma,Oma,ab
de,Ömmer,Eimer,ab
,onnink,ordentlich,ab
dat,Ööfken,Pflaumenart (klein und rund),ab
de,Oort,Ort,ab
de,Oortstein,Ortstein (verfestigte Bodenschicht),ab
de,Opa,Opa,ab
,open,offen,ab
de,Openoars,Mensch (der die Tür offen lässt),ab
,orre,oder,ab
de,Örtel,Orgel,ab
de,Örtelbüen,Orgelempore,ab
,örteln,orgeln,ab
de,Örtelspierler,Orgelspieler,ab
,oss,als,ab
de,Osse,Ochse,ab
,össen,"malochen, schuften",ab
,paalken,spielen mit dem Ball,ab
,packen,"fangen, fassen, packen",ab
de,Packen,Bündel,ab
de,Packloage,Unterbau einer Straße,ab
de,Packnoartel,Packnadel,ab
de,Padjacke,Schlunz,ab
de,Panducken,Kinder,ab
,pankrott,bankrott,ab
de,Pannen,"Bratpfanne, Dachziegel",ab
de,Pannendask,Schlägermütze,ab
de,Pannenfeot,Dreibein für die offene Feuerstelle,ab
dat,Pannenroießel,"Speise mit Eiern, Mehl, Milch und ausgelassenem Speck (in der Pfanne zubereitet)",ab
de,Pannenschöare,Dachziegelscherben,ab
de,Pannkeoken,Pfannkuchen (in Oel gebacken),ab
dat,Pannkeokendeil,Grundstücksbezeichnung (Sahnestück),ab
de,Panzen,Kinder,ab
de,Papa,Papa,ab
de,Pappe,Pappe,ab
,pärken,petzen,ab
,passen,passen,ab
,passig (passich),passend,ab
de,Patt,Pfad,ab
,pattken,latschen,ab
de,Pattwegg (Pattwech),"Fußweg, Trampelpfad",ab
de,Pause,Pause,ab
de,Pauten,"Pfoten, Hände",ab
dat,Peck,Pech,ab
de,Peckedroaht,Pechschnur,ab
de,Peerbiuern,Pferdebauern,ab
dat,Peerd; de Peere,"Pferd, Pferde",ab
de,Peerdeeken,Pferdedecke,ab
de,Peerdeif,Pferdedieb,ab
de,Peerfleigen,Bremsen (blinde Fliegen),ab
dat,Peerfleisk,Pferdefleisch,ab
dat,Peergeschirr,Pferdegeschirr,ab
de,Peerschieten,Pferdekot,ab
de,Peerschlächter,Pferdeschlachter,ab
de,Peerstaal,"Pferdestall, Hosenschlitz der Männerhosen",ab
de,Peerwespen,Hornissen,ab
de,Peerwost,Pferdewurst,ab
de,Peiatz,Hanswurst,ab
dat,Pekeet,Paket,ab
dat,Pekeit,Paket,ab
de,Pendoalen,Pedale,ab
de,Pennelpleog,Pendelpflug,hw
de,Penning,Pfennig,ab
de,Penongen,Pfingstrosen,ab
de,Penongenhürbel,weißer Hügel in Mindenerwald,ab
de,Peoerten,Gartentor,ab
de,Peohl,Pfuhl,ab
dat,Pertelheohn,Perlhuhn,ab
,pessiehen,"passieren, ereignen",ab
de,Pesteoer,Pastor,ab
dat,Pesteoernhius,Pfarrhaus,ab
de,Pesteoerske,"Pastorenfrau, Pastorin",ab
de,Petersielgen,Petersilie,ab
de,Pichelbreoer,Zechkumpane,ab
,picheln,trinken (kontinuierlich Alkohol trinken),ab
,picken,picken,ab
de,Picker,Kartoffelpfannkuchen,ab
de,Pickerploaten,Pickerplatte,ab
de,Pickhacken,Spitzhacke,ab
de,Pieler,Pfeiler,ab
de,Pielhacken,Spitzhacke,ab
de,Piene,Schmerzen,ab
de,Piepen,Pfeife,ab
de,Piepenkopp,Pfeifenkopf (Schimpfwort),ab
dat,Piepensärbeßel,Tabakrückstand in der Pfeife,ab
dat,Pierk,Inlett beim Federbett,ab
de,Pierk,Innerstes,ab
,pierken,kleben,ab
,pierkerig (pierkerich),klebrig,ab
dat,Pierksel,Klebemasse,ab
de,Pierper,Pfeffer,ab
,pierperig,"pfefferig, gepfeffert",hw
,pierperig (pierperich),pfeffrig,ab
de,Pierpermührlen,Pfeffermühle,ab
de,Pierpernürte,Pfeffernüsse,ab
,piesacken,quälen,ab
de,Pieselotten,"Sachen (Kleidung, Gegenstände usw.)",ab
de,Pietsken,Peitsche,ab
de,Piewitt,Kiebitz,ab
de,Piewittsaaier,Kiebitzeier,ab
de,Piewittsbleomen,Wiesenschaumkraut,ab
de,Pingel,Klingel,ab
,pingelig,kleinlich,ab
de,Pingelmüssen,Zipfelmütze,ab
,pingeln,klingeln,ab
de,Pingelwost,Kochwurst (kleine runde Wurst für Kinder als Geschenk bei der Hausschlachtung),ab
,Pingsten,Pfingsten,ab
de,Pingstosse,"Pfingstochse (mit Maigrün geschmückt), Mensch (sonderbar gekleidet)",ab
de,Pinken,Mettwurst in der Schweinsblase,ab
de,Pinn,"Holzpflock, Nagel",ab
,pinnebassenvull,berstenvoll,ab
de,Pisse,Urin,ab
,pissen,urinieren,ab
de,Pisspott,Nachttopf,ab
de,Pittmann,Penis,ab
de,Piußbacken,Pausbacken,ab
de,Piuße,"Puste, Atem",ab
,piußen,pusten,ab
de,Piuter,Truthahn,ab
,pläästern,regnen (stark),ab
de,Placken,"Fleck, Feldstück (klein)",ab
de,Plackeraaie,Quälerei,ab
,pläckerig küen,reden (hochgestochen),ab
,pläckerig (pläckerich),fleckig,ab
,pladdern,regnen (stark),ab
de,Plaggen,Sode (Grassode),ab
,planten,pflanzen,ab
de,Planten,Pflanze,ab
de,Plänter,Pflanzstock,ab
de,Plänters,Pflanzkartoffeln,ab
de,Plantespoan,Pflanzspaten,ab
de,Plantketuffel,Pflanzkartoffel,ab
de,Plass,Platz,ab
,platt,"flach, sprachlos",ab
,plattboarsk,barfuß,ab
,plattdütsk,plattdeutsch,ab
dat,Plattdütsk,Plattdeutsch,ab
de,Platten,"Platte, Kopf",ab
,plätten,bügeln,ab
de,Plattfeot,Plattfuß,ab
dat,Plättisen,Bügeleisen,ab
,plattoars,sitzen auf dem Hosenboden,ab
de,Plattschiuten,Schaufel,ab
de,Plattschüppen,Schaufel,ab
de,Plätzen,"Plätzchen, Kekse",ab
de,Plege,Pflege,ab
,plegen,pflegen,ab
dat,Pleogisen,Pflugschar,ab
de,Pleog (Pleoch),Pflug,ab
de,Pleogstärt,Haltegriffe mit Holmen (dient der Pflugführung beim handgeführten Pflug),ab
de,Pleogstärt,Pflugsterz,ab
de,Plieten,Verletzung (klein),ab
de,Pliumen,Pflaumen,ab
de,Pliumenbaum,Pflaumenbaum,ab
de,Ploage,"Plage, Magen- Darmerkrankung",ab
de,Ploagegeist,Plagegeist,ab
,plöahen,verschütten,ab
de,Ploan,Plan,ab
de,Ploane,Plane,ab
dat,Ploaster,Pflaster,ab
,ploastern,pflastern,ab
de,Ploaten,Plate,ab
de,Ploatenkeoken,Blechkuchen,ab
de,Plocken,Stückchen,ab
,ploigen,pflügen,ab
de,Plörre,Getränk (wässrig und fad),ab
de,Pluck,"Pflock, Holznagel, Mensch (klein und rund)",ab
dat,Plückefett,Fettgewebe vom Schwein (gepflückt),ab
,plücken,pflücken,ab
de,Plüggen,"Holzstifte (klein, zur Befestigung einer Schuhlaufsohle)",ab
de,Plüh,Anstand,ab
de,Plünnemelk,Dickmilch,ab
de,Plünnen,"Kleidung (abgelegt und herumliegend), Windel(n)",ab
de,Plünnenloaden,Textilgeschäft,ab
,plünnern,plündern,hw
de,Poahl; de Pöahle,Pfahl,ab
,pöahlen,pfählen,ab
,poahlrisk,kerzengerade,ab
de,Poapst,Papst,ab
,poar,paar,ab
dat,Poar,Paar,ab
de,Poater,Pater,ab
de,Poater,Schleuderegge,ab
,poatern,eggen mit der Schleuderegge,ab
,poaterwelsk,kauderwelsch,ab
de,Pogge; de Poggen,"Frosch, Frösche",ab
de,Poggenfiller,Messer (stumpf),ab
de,Poggensteohl,Pilz,ab
dat,Pökelfleisk,Pökelfleisch,hw
de,Pölter,Nachthemd,ab
de,Pöppel,Pappel,ab
dat,Poppier,Papier,ab
de,Poppiere,Dokumente,ab
de,Post,Post,ab
de,Pott; de Pötte,Topf,ab
dat,Potthius,"Torfstapel (in dem der Torf trocknen konnte - 6 Stück, zwei lang, zwei quer, zwei lang)",ab
dat,Pöttkegeschirr,"Töpferware, Geschirr aus Ton",hw
de,Pottkeoken,Topfkuchen,ab
de,Pöttker,Töpfer,hw
de,Pöttkeßel,Ton- und Porzellanscherben,hw
de,Pottkieker,Topfgucker,ab
de,Pottlappen,Topflappen,ab
de,Pottlicker,Topfauslecker,ab
,pricke,adrett,ab
de,Prieche,Empore,ab
de,Prierkel,Holzstange mit Metallspitze,ab
,prierkeln,"reizen, sticheln",ab
de,Pries,Preis,ab
,priesen,preisen,ab
,proahlen,prahlen,ab
de,Proahlhans,Angeber,ab
,proat,"fertig, parat",ab
,probaaien,probieren,ab
,proimken,priemen (Kautabak kauen),ab
de,Proimken,Priem (Kautabak),ab
,proppen,"pfropfen, vollstopfen",ab
de,Proppen,"Pfropfen, Korken",ab
,proppenfull,"vollgestopft, übervoll",ab
,propper,"sauber, ordentlich, wohlgenährt",ab
,prötken,"angeben, prahlen",ab
de,Prötker,Angeber,ab
de,Prott,Redeschwall (großes Wort),ab
,prrr,stopp (bei Pferden),ab
de,Prull,Traube,ab
de,Prullneegelken,Bartnelken,ab
,prünen,unordentlich nähen,ab
de,Prurk,Lebewesen (klein),ab
,prurken,bohren (mit den Fingern),ab
de,Prurkeraaie,"Kleinarbeit (mühsam), Landwirtschaft (kleine), Pfuscherei",ab
,prüssen,niesen,ab
de,Prütt,Kaffeesatz,ab
de,Puckel,Rücken,ab
,pucken,schlagen (Herz),ab
dat,Pucken,Wickelbund bei Säuglingen,ab
de,Püel,Federkissen als Unterlage für die Kopfkissen (lang und schmal),ab
de,Pull,Baumkrone,ab
de,Pullacken,Polen (Bevölkerung),ab
de,Pullen,Flasche(n),ab
dat,Pullhult,Baumkronengeäst,ab
,pülsken,planschen,ab
,pultern,poltern,ab
de,Pulteroabend,Polterabend,ab
dat,Pulwer,Pulver,ab
de,Pümpel,Holzpfahl,ab
de,Pumpen,Pumpe,ab
de,Pumpenschwengel,Pumpenschwengel,ab
dat,Pund,Pfund,ab
dat,Pundstücke; de Punkstücke,Gewichtsstück,ab
de,Punken,Sack voll Korn oder Mehl,ab
de,Punkt,Punkt,ab
dat,Püppken,Püppchen,ab
de,Puppm,Puppe,ab
de,Puppmwoagen,Puppenwagen,ab
de,Puschen,Hausschuhe,ab
de,Pusken,Hausschuhe,ab
,putken,trippeln,ab
de,Puttappel,Bratapfel,ab
de,Pütten,Pfütze,ab
,püttken,"spielen mit Wasser, verschütten von Flüssigkeit Füssigkeit verschütten",hw
,püttken,trinken (Alkohol),hw
,putzen,putzen,ab
,püüsken,zündeln (mit Feuer spielen),ab
de,Püüster,"Schrotflinte, Gewehr",ab
de,Quaalm,Qualm,ab
,quaalmen,qualmen,ab
de,Quackelaaie,Unentschlossenheit,ab
,quackelig (quackelich),hinfällig,ab
de,Quadderaaie,Geschwätz,ab
de,Quadderkopp,Quatschkopf,ab
,quaddern,schwatzen,ab
,quäken,schreien,ab
,quäkerig (quäkerich),nörgelich,ab
de,Quanten,Füße (groß),ab
,quatsken,Gehgeräusche im Matsch,ab
,quatskenatt,klatschnass,ab
dat,Quedroat,Quadrat,ab
,quelen,quälen,ab
de,Queleraaie,Quälerei,ab
de,Quengeloars,Nörgler,ab
de,Querre,"Bündchen am Rock, Quere",ab
de,Quesen,Blut- oder Druckblasen,ab
,quetsken,quetschen,ab
,quieken,quieken,ab
de,Quierken,Quecke,ab
de,Quierkenscheole,Landwirtschaftsschule,ab
,quietsken,quietschen,ab
de,Quirkstärt,Lebewesen (klein und mickrig),ab
,quittengeel,quittengelb,ab
de,Quittunge,Quittung,ab
,quutsken,Gehgeräusche bei nassen Füßen,ab
,raaihen,reihen (vorläufig nähen),ab
dat,Räap,Seil (dick und lang),ab
,räaßen,ausruhen,ab
,rabbeln,sabbeln,ab
de,Rackefatt,Arbeiter (besonders eifrig),ab
,racken,scharren,ab
dat,Rad; de Reere,"Fahrrad, Wagenrad",ab
,radfoihen,Fahrrad fahren,ab
de,Radwienen,Drehwinde (zum Lasten heben),ab
,ramentern,randalieren,ab
de,Ramm,Wadenkrampf,ab
,rammdösig,benebelt im Kopf,ab
,ran,"heran, herbei",ab
de,Rand,Mund (scherzhaft),ab
,ranticken,arbeiten (fleißig),ab
,rapp,ausgeleiert,ab
de,Rattenfaalgen,Rattenfalle,ab
,ratzekoahl,ratzekahl,ab
,raut,rot,ab
de,Rautdooen,Rotdorn,ab
de,Rautkaul,Rotkohl,ab
de,Rautwien,Rotwein,ab
de,Rebelljeon,"Magenverstimmung, Rebellion",ab
,rebelsk,rebellisch,ab
,rechtehand,rechts,ab
,rechtföarigen,rechtfertigen,ab
,recken,"ausreichend, reichen",ab
,reckhaalsen,Hals recken,ab
,reengen,regnen,ab
de,Reengen,Regen,ab
de,Reengenbogen,Regenbogen,ab
de,Reengentunnen,Regentonne,ab
dat,Reengenweer,Regenwetter,ab
de,Reengenwurm,Regenwurm,ab
dat,Reff,"Gerippe (abfällig auch für eine magere, garstige Frau)",ab
de,Reformatzieon,Reformation,ab
de,Regeloator,Wanduhr (mit Schlag),ab
dat,Reid,Flechtrohr (für Hiller Stühle),ab
de,Reimen,Riemen,ab
,reke,"sauber, ordentlich",ab
,reken,rechnen,ab
dat,Rekenbeok,Rechenbuch,ab
de,Reknunge,Rechnung,ab
de,Relegijeon,Religion,ab
,rennen,stoßen,ab
de,Rennen,"Rinne, Dachrinne",ab
de,Reoen,"Maßeinheit einer Moorfläche (wo Torf gestochen werden konnte, ca. 3,80 m x 3,80 m)",ab
,reoh,roh,ab
de,Reohdecker,"Naturbursche (derber, ungenauer, rauer Mensch)",ab
de,Reohfrost,"Raureif, Raufrost",ab
,reopen,rufen,ab
de,Reosen,Rose,ab
dat,Reosenblatt,Rosenblatt,ab
de,Reosenkaul,Rosenkohl,ab
de,Reosenschähen,Rosenschere,ab
dat,Reosenwoater,Rosenwasser,ab
dat,Reot,Ruß im Schornstein (wässrig),ab
,reseliut,resolut,ab
,reseniehen,"streiten, stänkern",ab
,retern,"rattern, klappern",ab
,retten,retten,ab
de,Revelutzieon,Revolution,ab
de,Ribbe,Rippe,ab
,ribbeln,auflösen (von Gestricktem und Gehäkeltem),ab
de,Richte,Richtung,ab
,richten,"richten (jur.), Dachstuhl aufstellen",ab
de,Richtewegg (Richtewech),Weg (kürzester),ab
,richtig,richtig,ab
de,Richtunge,Dachstuhl aufstellen,ab
dat,Rick,Fichtenstange (für die Einzäunung),ab
,riebe,"großzügig, verschwenderisch",ab
,rieben,reiben,ab
de,Rieben,Reibe,ab
dat,Riefiisen,Reibeisen,ab
de,Riege,Reihe,ab
,riegen,reihen,ab
,riehen,reiten,ab
dat,Riek,Reich,ab
,rieke,reich,ab
,riemen,reimen,ab
dat,Riemsel,"Reim, Gereimtes",ab
,riep,reif,ab
,riepen,reifen,ab
de,Riergel,"Riegel, Querbalken beim Fachwerk",ab
,rierpen,rittlings rutschen,ab
de,Rierte,Riss,ab
de,Ries,Reis,ab
dat,Ries,Pfropfreis,ab
de,Riesebessen,Besen aus Reisigzweigen (zum Hof kehren),ab
,riesen,veredeln (z. B. von Bäumen),ab
,rieten,"reißen, umbauen",ab
de,Rieteraaie,"Umbauarbeiten, Gelenkschmerzen",ab
dat,Rietpeerd,Reitpferd,ab
,rin,"hinein, herein",ab
,rinbössen,reinpoltern,ab
,rinbottern,reinbuttern,ab
dat,Rindfleisk,Rindfleisch,ab
dat,Rindlear,Rindleder,ab
,rindössken,reindreschen,ab
dat,Rindveih,Rindvieh,ab
,rinfegen,hineinfegen,ab
de,Ring,Ring,ab
,ringoahn,hineingehen,ab
,rinheoen,essen (gierig),ab
,rinheoen,reinhauen,ab
,rinkieken,"hineinschauen, vorbeikommen",ab
,rinkloppen,hineinschlagen,ab
,rinküen,hineinreden,ab
,rinkurm,hereinkommen,ab
,rinlasken,trinken und essen (gierig),ab
,rinlaupen,hereinlaufen,ab
de,Rinner,Rinder,ab
de,Rinnerbroaen,Rinderbraten,ab
,rinriehen,reinreiten,ab
,rinrieten,reinreißen,ab
,rinschieten,hineinscheißen,ab
,rinschloan,"hineinschlagen, essen (gierig)",ab
,risk,"aufrecht, gerade, steil",ab
,risk dür,gerade durch,ab
,risken,aufrichten,ab
,riske Schiuten,Spaten,ab
,risk iut,zielstrebig,ab
,risk up,gerade hoch,ab
,risk wegg (risk wech),unmissverständlich,ab
de,Riuhe,Ruhe,ab
,riuhen,ruhen,ab
,riuken,riechen,ab
de,Rium,Raum,ab
,riumbeint,breitbeinig,ab
,riume,weit,ab
de,Riupen,Raupe,ab
,riusemiuserig (riusemiuserich),ungemütlich,ab
,riut,"heraus, hinaus",ab
,riutbreken,herausbrechen,ab
de,Riuten,Fensterscheibe,ab
,riutfienen,herausfinden,ab
,riutfoihen,herausfahren,ab
,riutförrern,herausfordern,ab
,riuthelpen,heraushelfen,ab
,riutkriegen,herausfinden,ab
,riutkurm,herauskommen,ab
,riutlaupen,herauslaufen,ab
,riutliuken,herausziehen,ab
,riutmoaken,"ernten (Hackfrüchte), entwickeln (positiv)",ab
,riutputzen,herausputzen,ab
,riutschmieten,"rausschmeißen, herauswerfen",ab
,riutstellen,"herausstellen, betonen",ab
,roaen,raten,ab
,röagen,bewegen,ab
de,Röakekommern,Räucherkammer,ab
,roaken,schaffen,ab
,röaken,räuchern,ab
dat,Röakeschapp,Räucherschrank,ab
de,Röakewiehm,Lattengerüst zum Räuchern und Trocknen auf der Bauerndeele,ab
de,Roat,Rat,ab
de,Röatekiuhlen,Rötekuhle (zum Wässern des Flachses),ab
dat,Roathius,Rathaus,ab
,rober,rüber,ab
de,Rock,Rock,ab
de,Roggen,Roggen,ab
de,Roggenbleomen,Kornblume,ab
dat,Roggenbraut,Roggenbrot,ab
dat,Roggenfärld,Roggenfeld,ab
dat,Roggenwief,Kornmuhme (Korngeist),ab
de,Röhen,Röhre,ab
de,Roibe,Stoppelrübe,ab
dat,Roibesoat,Rübensaat,ab
dat,Roießel,"Rührei, Blödsinn",ab
,roihen,rühren,ab
de,Romen,Kruste auf der Wunde,ab
de,Rotthacken,Wiedehopfhacke,ab
,röttlick,rötlich,ab
de,Ruckoas,unruhiger Mensch,hw
,ruckoasen,sitzen (unruhig),ab
de,Rügge,Rücken,ab
de,Rüggenweihdoage,Rückenschmerzen,ab
de,Rüggestrang,Kotelettstrang,ab
de,Rühe,Hund,ab
,rühen,mausern,ab
de,Rühenbleomen,Hundskamille,ab
dat,Rullbrett,"Rollbrett, Holzbrett zur Zigarrenherstellung",ab
,rullen,rollen,ab
de,Rullen,Rolle,ab
,rümme,herum,ab
,rümmebölken,herumschreien,ab
,rümmedöllmern,"schimpfen, stänkern",ab
,rümmefutken,arbeiten (oberflächlich),ab
,rümmelungern,herumstreunen,ab
,rümmenüssken,herumklüngeln,ab
,rümmeroaken,herumwälzen,ab
,rümmerutken,unsauber arbeiten,ab
,rümmesiusängeln,herumfeiern (immer unterwegs sein),ab
,rümmespalkoren,"herumtoben, lärmen",hw
,rümmespecken,herumschnüffeln,ab
,rümmespoiken,herumgeistern,ab
,rümmestoahn,herumstehen,ab
,rümmesüen,saufen (tagelang),ab
,rümmesürlen,herumschleppen,ab
,rumooen,rumoren,ab
,rumstern,krachen (dumpfes Geräusch),ab
,rund,rund,ab
de,Rundlöarper,Baum mit gewundenen Fasern,ab
,rundümme,rundherum,ab
de,Rungen,Wagenstützen (aufrechte für Ackerwagen),ab
,rungenaaien,ruinieren,ab
de,Rungenwoagen,Ackerwagen für Holztransporte,ab
de,Runkel,Runkel,ab
de,Runkelbleere,Runkelblätter,ab
de,Runkelkiuhlen,Runkelkuhle,ab
dat,Runkellauf,Runkelblätter,ab
,rünner,herunter,ab
,rünnerfaalen,herunterfallen,ab
,rupp,herauf,ab
,ruppdössken,draufschlagen,ab
,ruppen,rupfen,ab
,ruppkurm,"heraufkommen, darauf kommen",ab
,rupplasken,draufschlagen (maßlos),ab
,rüserig (rüserich),unruhig,ab
dat,Rusk,Binse,ab
de,Russen,Gitterrost einer Feuerstelle oder Fußabtreter,ab
de,Rust,Rost,ab
de,Rüstbaum,Gerüstbaum,ab
de,Rüstbreere,Gerüstbretter,ab
,rusterig (rusterich),rostig,ab
,rustern,rosten,ab
dat,Rüsthult,Gerüstholz,ab
de,Rüstkiehen,Gerüstkette,ab
de,Rüstlöker,Gerüstlöcher im Mauerwerk,ab
de,Rutk,"Kümmerer (in der Entwicklung zurückgebliebenes Tier), Mensch (ungepflegt)",ab
,rutken,arbeiten (unsorgfältig),ab
,rutkerig (rutkerich),ungepflegt,ab
,rutsken,rutschen,ab
de,Rutsken,Rutsche,ab
de,Rüümte,Weite,ab
,saachte,"leise, vorsichtig, langsam",ab
dat,Saaiefatt,Säbehälter,ab
de,Saaiekassen,Säkasten,ab
de,Saaiekatten,Katze (weibl.),ab
de,Saaiemeschinen,Sämaschine,ab
,saaien,säen,ab
de,Saaißen,Sense,ab
de,Saaißenbaum,Sensenstiel,ab
de,Saaißenhommer,Sensenhammer,ab
de,Saaißenschoner,Sensenschutz,ab
dat,Saaißenstreck,Sensenstreicher,ab
de,Saalben,Salbe,ab
de,Saalbenveband,Salbenverband,ab
de,Sabbelaaie,Geschwätz,ab
,sabbeln,schwatzen,ab
,sacken,sacken,ab
de,Sackkoaen,Sackkarre,ab
de,Sackschörten,Sackschürze,ab
,sackvull,Maßeinheit (ein Sack voll …),ab
dat,Säel,"Seil, Strohhalme zum Binden der Korngarben",ab
,säggen,sagen,ab
de,Sammler,Drainagerohr (großer Durchmesser),ab
de,Sand,Sand,ab
de,Sandhaupen,Sandhaufen,ab
de,Sandkassen,Sandkasten,ab
dat,Sandpoppier,Schmiergelpapier,ab
,sannig (sannich),sandig,ab
de,Särpen,Seife,ab
,satt,satt,ab
de,Satz,Satz,ab
,sau,so,ab
,saubaule,sobald,ab
,saubutz,"sofort, rasch",ab
,saufoort,sofort,ab
,saugeot,so gut,ab
,saugoar,sogar,ab
,saulange,solange,ab
,saune,solche,ab
de,Saut,Brunnen,ab
,sauteosäggen,sozusagen,ab
de,Sautkring,Brunnenring,ab
,sauvierl,soviel,ab
,sauvull,so voll,ab
,sauwatt,sowas,ab
,sauwiet,soweit,ab
de,Schähen,Schere,ab
,schall,soll,hw
de,Schanne,Schande,ab
dat,Schapp,Schrank,ab
de,Schärdießen,Einspännerdeichsel,ab
de,Schärper,Schäfer,ab
de,Schärperkoahen,Schäferkarre,hw
de,Schärtel,Scheitel,ab
,schasken,rausschmeißen (aus einer Position entlassen),ab
de,Schateken,Plunder (alte Sachen),ab
,schatten,Brauchtum (von einem Hochzeitszug Geschenke erbitten),ab
de,Schaut,Schoß,ab
de,Scheeges,"Kerl, Bräutigam (abwertend)",ab
,scheehen,scheren,ab
de,Scheeheraaie,Schererei,ab
,scheemen,schämen,ab
,scheemern,"verschämt, schüchtern",ab
,scheemshaalber,anstandshalber,ab
,scheesen,herumstreifen,ab
,scheibe,schief,ab
,scheiten,schießen,ab
,schellen,schimpfen,ab
de,Schelles,Schimpfe,ab
,schellü,"antriebslos, bedrückt",ab
de,Schendoam,Polizist,ab
,schenken,schenken,ab
de,Scheohbänner,Schnürsenkel,ab
de,Scheohe,Schuhe,ab
de,Scheohmoaker,Schuhmacher,ab
de,Scheohnoagel,Schuhnagel,ab
dat,Scheohweerk,Schuhwerk,ab
de,Scheohwichse,Schuhcreme,ab
de,Scheole,Schule,ab
de,Scheolfeergen,Schulferien,ab
dat,Scheolgeld,Schulgeld,ab
dat,Scheolkiend,Schulkind,ab
de,Scheolmester,"Lehrer, Lehrerin",ab
de,Scheoster,Schuster,ab
,scheostern,Schuhe anfertigen,ab
,scheostert,arbeiten (oberflächlich),ab
de,Schesee,Straße,ab
,schicken,"schicken, senden",ab
de,Schieben,Scheibe,hw
de,Schiebenstand,Schießstand,ab
,schiehen,durchscheuern,hw
de,Schien,Schein,ab
,schienen,scheinen,ab
de,Schiermskeraaie,Dämmerung,ab
de,Schierwand,Trennwand,ab
,schierweerken,arbeiten,ab
de,Schiete,Scheiße,ab
,schietegoal,scheißegal,ab
,schieten,scheißen,ab
de,Schieteraaie,Durchfall,ab
dat,Schiethius,Scheißhaus,ab
de,Schietpott,Nachttopf,ab
de,Schillegassen,Graupen (geschälte Gerste),ab
dat,Schillemest,Schälmesser,ab
,schillen,schälen,ab
dat,Schillsel,Abgeschältes von Obst und Gemüse,ab
dat,Schindliuder,Schindluder,ab
de,Schinkenbühl,Schlüpfer XXL (scherzhaft für Übergröße),ab
de,Schinn,Kopfschuppen,ab
dat,Schipp; de Schirpe,Schiff,ab
de,Schipper,Schiffer,ab
,schiuben,schieben,ab
dat,Schiuer,Schauer,ab
dat,Schiuer,Regenschauer,ab
de,Schiuer,Unterstand als Wetterschutz,ab
de,Schiufiut,Mensch (der ausgenutzt wird),ab
de,Schiufkoahen,Schubkarre,hw
de,Schium,Schaum,ab
de,Schiumkellen,Schaumkelle,ab
de,Schiuten,Schaufel,ab
,schlaaie,stumpf (Zähne),ab
de,Schlaaier,Schleier,ab
de,Schlächter,Schlachter,ab
de,Schlächteraaie,Schlachterei,ab
de,Schlackerschnei,Schnee (wässrig),ab
de,Schlagg (Schlach),Schlag,ab
,Schlangenoart eggen,schlangenförmig eggen,ab
,schlappbüken,außer Atem sein,ab
de,Schlappen,Pantoffeln,ab
de,Schlappen,Reifenpanne,ab
de,Schlatz,Flüssigkeit (kleine Menge),ab
de,Schlawitken,Rockzipfel,ab
,Schlebutten moaken,Dummheiten machen,ab
,schlecht,schlecht,ab
,schlecht moaken,schlecht machen,ab
de,Schlege,Schläge,ab
de,Schleger,Schläger,ab
de,Schlegeraaie,Schlägerei,ab
de,Schleif,Schöpfkelle (groß aus Holz),ab
de,Schlennerjoahn,Schlendrian,ab
,schlennern,schlendern,ab
dat,Schlepp,Wagenschmiere,ab
de,Schlickeraaie,Süßigkeiten,ab
,schlickern,naschen,ab
de,Schlickupp,Schluckauf,ab
de,Schliehen,Schlitten,ab
,schlieken,schleichen,ab
de,Schliem,Schleim,ab
de,Schliemschieter,Schleimscheißer,ab
,schliepen,schleifen,ab
de,Schliepstein,Schleifstein,ab
de,Schlierke,Schliche,ab
,schlierpen,schleppen,ab
dat,Schlierpsel,Traglast,ab
dat,Schlierpsel,Schleppgerät zum Einebnen von Maulwurfshaufen,ab
de,Schlipk,Zipfel eines Kleidungsstückes,ab
de,Schlippen,Schürze (umgebundene Schürze als Tragetuch verwenden),ab
de,Schlittscheoh,Schlittschuh,ab
,schliuken,schlucken,ab
de,Schliuken,Rachen,ab
,schliuten,schließen,ab
,schloan,"schlagen, geschlagen",ab
de,Schloapdreck,Schlafsand (Eingetrocknete Augensekrete in den inneren Augenwinkeln am Morgen),hw
,schloapen,schlafen,ab
de,Schloapmüssen,Schlafmütze,ab
,schlobbern,schlabbern,ab
,schlodderig (schlodderich),unordentlich,ab
de,Schlonten,"Sachen (minderwertige oder heruntergekommene Maschinen, Werkzeuge, Kleidung, Gegenstände usw.)",ab
de,Schlonz,unordentlicher Mensch,ab
,schlonzig,"unordentlich, oberflächlich, lieblos gemacht",hw
dat,Schlott,Türschloss,ab
de,Schluck,Schnaps,ab
de,Schluckpullen,Schnapsflasche,ab
de,Schlüngel,Schlingel,ab
de,Schlüngelbank,Sitzbank (vornehmlich für Kinder),ab
de,Schlünze,Flocken in der Milch (von einer Euterentzündung),ab
de,Schlünze,Auswurf (gelb),ab
de,Schluppäsen,"Pflaumen (kleine, gelbe)",ab
,schlürhen,schlüren,ab
de,Schlürke,Mund voll,ab
de,Schlürschluck,Abschiedsschnaps,ab
de,Schlürtel,Schlüssel,ab
dat,Schlürtelbrett,Schlüsselbrett,ab
dat,Schlürtellock,Schlüsselloch,ab
de,Schmaaitiet,Frühling,ab
,schmachen,schmachten,ab
de,Schmachtlappen,Hungerleider (dürrer Mensch),ab
de,Schmant,Rahm,ab
,schmehen,"schmieren (bestechen), ölen, fetten",ab
dat,Schmehr,Schmiere,ab
,schmehrig (schmehrich),schmierig,ab
de,Schmehrkannen,Ölkanne,ab
de,Schmehrlappen,"Schmierlappen, Schleimer, Person (unsauber)",ab
de,Schmehrnippel,Schmiernippel,ab
de,Schmehrsärpen,Schmierseife,ab
,schmelten,schmelzen,ab
,schmeoen,schmoren,ab
de,Schmett,Schmied,ab
,schmicken,schmecken,ab
,schmiddoages,mittags,ab
de,Schmiehe,Schmiede,ab
dat,Schmiehefüer,Schmiedefeuer,ab
,schmiehen,schmieden,ab
,schmieten,werfen,ab
,schmirroages,mittags,ab
,schmöaken,rauchen,ab
de,Schmöakepiepen,Tabakpfeife,ab
,schmohens,morgens,ab
,schmohens freoh,frühmorgens,ab
,schmoihe,"sämig, schleimig reden",ab
de,Schmu,Betrug,ab
de,Schmulln,Wellfleisch,ab
de,Schmüse,"Erzählungen (seltsam, witzig)",hw
,schnaaien,schneien,ab
,schnachts,nachts,ab
,schnasseln,betrinken,ab
,schnaulen,mürrisch äußern,ab
de,Schnei,Schnee,ab
de,Schneibaal,Schneeball,ab
de,Schneiglöckchen,Schneeglöckchen,ab
de,Schneikerl,Schneemann,ab
,schneischiebern,abfällig reden,ab
dat,Schneischiuer,Schneeschauer,ab
,schneiwitt,schneeweiß,ab
dat,Schneiwoater,Schneewasser,ab
de,Schnelllöarper,Elektromotor oder Traktor (schnelllaufend),ab
de,Schneoer,Schnur,ab
,schneterig (schneterich),schwatzhaft,ab
de,Schnetertasken,schwatzhafte Person,ab
de,Schnieder,"Schneider, Wasserläufer (Insekt)",ab
de,Schniederfiehe,Arbeitspause in der Dämmerung,ab
de,Schniederske,Frau des Schneiders,ab
de,Schnieheloahn,Gerät zum manuellen Schneiden der Rübenblätter,ab
,schniehen,schneiden,ab
de,Schnieheraaie,Sägewerk,ab
de,Schniggen,Schnecke,ab
dat,Schniggenhius,Schneckenhaus,ab
de,Schnippelbauhnen,Schnippelbohnen,ab
de,Schnippelmeschinen,Schnippelgerät für Bohnen,ab
,schnitken,schnitzen,ab
de,Schnitker,Schnitzer,ab
,schniuben,"schnäuzen, schnaufen",ab
de,Schniuten,Schnauze,ab
de,Schniutenhürbel,Mundharmonika,ab
de,Schniutenpulli,"Mund-, Nasenschutz gegen Infektionen",hw
dat,Schniutweerk,Mundwerk,ab
de,Schnoabel,Schnabel,ab
,schnoaihen,"schnorren, zündeln, verschmoren (Elektrik)",ab
dat,Schnoieband,Schnürsenkel,ab
,schnoien,schnüren,ab
de,Schnöppen,Schnupfen,ab
de,Schnöppenlicker,Person (bei der der Schnupfen aus der Nase hängt und abgeleckt wird),ab
de,Schnöppenpatt,Schnupfenspur,ab
de,Schnöppentrogg (Schnöppentroch),Person mit ständig laufender Nase,ab
de,Schnösel,altkluger Jugendlicher,ab
,schnurhen,schnurren,ab
,schnurken,schnarchen,ab
de,Schnurrkatten,"Kinderspielzeug (aus einem Zwirnsfaden und einem großen Knopf), Frau (umgarnend), Katze (mit Wohlbehagen)",ab
,schnurterig (schnurterich),schmutzig,ab
de,Schnüsk,Schnauze,ab
dat,Schoabeßel,Abgeschabtes,hw
de,Schoadn,Schaden,hw
de,Schoal,Schal,ab
dat,Schoalbrett,Schalbrett,ab
de,Schoalen,Schale(n),ab
,schöane,schöne,ab
dat,Schoap,Schaf,ab
de,Schoapstaal,Schafstall,ab
dat,Schoar,Pflugschar,ab
,schoarp,scharf,ab
,schobben,scheuern,ab
de,Schockeloade,Schokolade,ab
de,Schockeloadenbudding,Schokoladenpudding,ab
de,Schockeloadenkeoken,Schokoladenkuchen,ab
de,Schoehbössen,Schuhbürste,ab
de,Schoelklasse,Schulklasse,ab
dat,Schoer; de Schöare,Scherbe,ab
de,Schoiler,Schüler,ab
de,Schoppen,Schuppen,ab
de,Schoppendeel,Schuppendurchfahrt,ab
de,Schoppendür,Schuppentür,ab
dat,Schoppk,Bund (Stroh oder Heu),ab
dat,Schöppsel,Schuppen mit Schleppdach (klein),ab
de,Schörten,Schürze,ab
,schoss,sollst,ab
,schoss seihn,sollst sehen,ab
de,Schosstein,Schornstein,ab
de,Schossteinfeger,Schornsteinfeger,ab
de,Schöttel,Schüssel,ab
dat,Schöttelbeoed,Tellerbord,ab
,schraaien,schreien,ab
de,Schraaihaals,Schreihals,ab
de,Schräem,Griebenschmalz,ab
de,Schräempott,Schmalztopf,ab
de,Schräempott,Lippenherpes,ab
de,Schräemschieter,Mensch (klein),ab
,schrappen,schaben,ab
,schrapperig (schrapperich),raffgierig,ab
dat,Schrappsel,Abgeschabtes,ab
dat,Schraut,Schrot,ab
de,Schrautmührlen,Schrotmühle,ab
de,Schrautsoagen,Blattsäge,ab
,schretten,gerinnen,ab
,schrieben,schreiben,ab
de,Schrieberaaie,Schreiberei (Verwaltungsaufwand),ab
dat,Schriefsel,"Schriftstück, Schrieb, Text",ab
de,Schriefstoben,Schreibstube,ab
,schrienen (et schrinnt),brennen von Hautwunden,ab
de,Schrift,Schrift,ab
dat,Schrinnsel,Geronnenes,hw
,schriuben,schrauben,ab
de,Schriuben,Schraube,ab
de,Schriubenschlürtel,Schraubenschlüssel,ab
de,Schriufstock,Schraubstock,ab
,schroaien,versengen,ab
de,Schrullen,Falten im Gesicht,ab
,schrumpeln,schrumpfen,ab
,schruppen,schrubben (mit dem Schrubber),hw
de,Schucht,Vogelscheuche,ab
,schuen,rutschen (gleiten),ab
,schüen,scheuern,ab
de,Schüen,Scheune,ab
dat,Schüht,Bretter vorne und hinten am Kasten-Ackerwagen,ab
dat,Schullerblatt,Schulterblatt,ab
de,Schullern,Schulter,ab
de,Schülligkert (Schüllichkert),Schuldigkeit,ab
,schüllig (schüllich),schuldig,ab
,schümen,schäumen,ab
,schuppen,"schubsen, stoßen",ab
de,Schüppen,Schaufel,ab
,Schüppen teihn,schmollen,hw
,schüppken,"schubsen, stoßen",ab
dat,Schuppsel,Frau (schlecht angezogen),ab
de,Schürbössen,Scheuerbürste,ab
dat,Schürbrett,Handbrett (Maurerwerkzeug),ab
de,Schürken,Babymimik (unbewusst),ab
,schürköppen,Kopfschütteln,ab
de,Schürte,Schuss (Wachstum),ab
dat,Schüssel,Kuhgatter im Stall,ab
de,Schusseligkert,Unaufmerksamkeit,hw
,schüttkern,schießen (zum Spaß),ab
de,Schwaalm,Schwalben,hw
,schwaat,schwarz,ab
,schwack,schwach,ab
de,Schwamm,Schwamm,ab
,schwanke,schnell,ab
de,Schwärt,Schweiß,ab
,schwärten,schwitzen,ab
de,Schwärtfoite,Schweißfüße,ab
dat,Schwattbraut,Schwarzbrot,ab
de,Schwattbrautskossen,Schwarzbrotkruste,ab
,schwattbunt,schwarzbunt (Kühe),ab
de,Schwattdoorn,Schlehe,ab
de,Schwattdreoßel,Schwarzdrossel,ab
,schwattken,schwärzen,ab
de,Schwattwottel,Schwarzwurzel,ab
de,Schwebelsticken,Streichhölzer,hw
de,Schween,"Geschwür, Furunkel",ab
,schwemmen,schwimmen,ab
de,Schwengel,Schwengel,ab
de,Schwengelschieter,"Schlappschwanz, Schwächling",ab
de,Schwetzken,"Zwetschgen, Pflaumen",ab
de,Schwetzkenbottern,Pflaumenmus,ab
de,Schwetzkenkeoken,Pflaumenkuchen,ab
dat,Schwetzkenmirragg,Pflaumeneintopf,ab
de,Schwetzkenstippen,Pflaumenmus,ab
dat,Schwetzkenzapp,Pflaumenmus,ab
de,Schwick-Schwack,"Doppelmühle (Mühlespiel), Untergrund (schwammig)",ab
,schwiegen,schweigen,ab
,schwiemelig (schwiemelich),schwindelig,ab
dat,Schwien,Schwein,ab
de,Schwienedroaht,Krampen für Schweinepiercing,ab
dat,Schwienefeoer,Schweinefutter,ab
de,Schwienehoite,Auslauf für Schweine,ab
de,Schwieneketuffel,Schweinekartoffel (stärkereiche Futterkartoffel),ab
de,Schwieneköaper,Viehhändler,ab
dat,Schwienelear,Schweinsleder,ab
de,Schwienepott,Kessel zum Kochen des Schweinefutters,ab
de,Schwienewaaide,Schweineweide,ab
de,Schwienirgel,Schmutzfink,ab
de,Schwienstaal,Schweinestall,ab
de,Schwienstaalsklappen,Schweinebuchtentür,ab
de,Schwindsucht,Tuberkulose,ab
de,Schwoaen,Schwarte,ab
de,Schwoager,Schwager,ab
,schwoar,schwer,ab
,schwoarfällig (schwoarfällich),schwerfällig,ab
de,Schwoarm,"Schwarm, Wasserdampf",ab
,schwoigen,schwer atmen,ab
,schwucken,schwappen (hin und her),ab
de,Schwungpleog,Pflug (handgeführt mit einem Stützrad),ab
de,Schwürpen,Peitsche,ab
,se,sie,ab
de,See,See,ab
,sei,sie,ab
,seihn,sehen,hw
,seit,seit,ab
de,Sekunne,Sekunde,ab
de,Seldoat,Soldat,ab
de,Seloat,Salat,ab
de,Seloatketuffel,Salatkartoffel,ab
de,Seloatkopp,Salatkopf,ab
de,Seloatschöttel,Salatschüssel,ab
,Selskopp deon,Gesellschaft leisten,ab
,selten,selten,ab
de,Seoln,Pfriemen (um Löcher in Leder zu stechen),ab
de,September,September,ab
,sesse,sechs,ab
,setten,setzen,ab
de,Setten,Schale zur Rahmbildung (flach),ab
,si,sei,ab
,sibbeln,"nässen (z.B. Wunde, undichte Leitung)",hw
,sicher,sicher,ab
,sick,sich,ab
de,Siede,Seide,ab
,siege,niedrig,ab
,siehen,seiden (aus Seide),ab
dat,Siehendeok,Seidentuch,ab
dat,Siehengoarn,Seidengarn,ab
de,Siehenspeck,Speckseite (fett),ab
de,Siehenstrümpe,Seidenstrümpfe (aus Kunstfaser),ab
,sien,sein,ab
,sien,sein,ab
,siene,seine,ab
,sienesglieken,seinesgleichen,ab
,sienloaten,unterlassen,ab
,sient,seins,ab
,sientwegen,seinetwegen,ab
dat,Sierbe,Sieb,ab
,sierben,sieben,ab
de,Sierberand,Trottel,ab
de,Sierln,Holztruhe mit flachem Deckel,ab
,sierm,sieben (Zahl),ab
de,Siermschlörper,Siebenschläfer,ab
de,Siermt,Senf,ab
de,Siernen,Sehnen,ab
de,Siete,Seite,ab
de,Sietendür,Seitentür,ab
,simmelieren,simulieren,ab
,sind,sind,ab
,sind,sind,ab
,singen,singen,ab
,singen,singen,ab
de,Sittegaus,Besucherin (die übermäßig lange bleibt),ab
,sitten,sitzen,ab
,siuer,sauer,ab
de,Siuerbühl,"Schweinegehacktes mit Roggenmehl vermischt (angesäuert, als Beigabe zum Eintopf)",ab
de,Siuernkaul,Sauerkraut,hw
de,Siuernkaulspott,Sauerkrauttopf aus Ton,hw
,siugen,saugen,ab
,siupen,saufen,ab
de,Siupstängel,Säufer,ab
,siusen,sausen,ab
,siusengeln,herumlungern,ab
,Sius un Brius,Saus und Braus,ab
de,Soagebock,Sägebock,ab
,soagen,sägen,ab
de,Soagen,Säge,ab
de,Soagespoine,Sägespäne,ab
de,Soake,Sache,ab
de,Soake,Sache,ab
de,Söameraaien,Sämereien,ab
dat,Soarg,Sarg,ab
de,Soargnoagel,Sargnagel (Zigarette),ab
de,Soat,Saat,ab
de,Soatketuffel,Saatkartoffel,ab
de,Söcken,Socken,ab
,soiken,suchen,ab
,soite,süß,ab
de,Soiten,"Likör, Kuss",ab
de,Soitigkert (Soitichkert),Süßigkeit,ab
dat,Sölt,Salz,ab
,sölte,salzig,hw
de,Sommer,Sommer,ab
de,Sommerdagg (Sommerdach),Sommertag,ab
,sommerdoages,sommertags,ab
de,Sommerroggen,Sommerroggen,ab
de,Sönndagg (Sönndach),Sonntag,ab
dat,Sönndoageseten,Sonntagsessen,ab
de,Sönndoageshaals,Luftröhre,ab
,sonnerboar,sonderbar,ab
,sonnerlick,sonderlich,ab
,sonnern,sondern,ab
de,Sööle,Salzlakenbehältnis,ab
de,Sööle,Salzlake (zum Pökeln),ab
de,Soorgen,Sorgen,ab
de,Soorgensteohl,Ohrensessel,ab
dat,Sörpekaalf,Kalb (ganz jung),ab
,sörpen,tränken,ab
,spaaien,spucken,ab
de,Spaaigel,Spiegel,ab
,spalkoen,toben,ab
de,Spangen,"Spange, Querverbindung im Dachstuhl",ab
dat,Spann,Dachsparrenpaar,ab
de,Spannsoagen,Säge mit Spannschnur,ab
de,Spärken,Speiche,ab
,speckeliehen,spekulieren,ab
de,Speckschwoaen,Speckschwarte,ab
de,Specksiehen,Speckseite (vor allem vom Schwein),ab
de,Speis,Mörtel,ab
dat,Spektoakel,"Spektakel, Krach",ab
dat,Spell,Spiel,ab
de,Spendierböxen,Spendierhose,ab
de,Speolen,Spule,ab
dat,Speolrad,Spulrad,ab
de,Speon,Span,ab
de,Sperenzken,Umschweife,ab
,sperrangelwiet,sperrangelweit,ab
,sperrn,sperren,ab
,sperrn,sperren,ab
,sperrwiet,sperrweit,ab
,spickeliehen,spekulieren,ab
dat,Spickeliehriisen,Brille,ab
de,Spieker,Speicher,ab
de,Spielen,Bohnenstange aus Holz,ab
de,Spielenbaunen,Stangenbohnen,ab
de,Spient,Flächenmaß (250 m$^2$),ab
dat,Spier,Halm,ab
,spierlen,spielen,ab
de,Spierleraaie,Spielerei,ab
de,Spierlsachen,Spielsachen,ab
de,Spiese,Speise,ab
de,Spiesekommern,Speisekammer,ab
,spinkelig (spinkelich),gesprenkelt,ab
de,Spinndicke,Kohlmeise,ab
,spinnefiend,spinnefeind,ab
,spinnen,spinnen,ab
de,Spinners,"Besuchergruppe (geselliges Beisammensein, vorwiegend im Winter)",ab
de,Spinnewüppen,Spinngewebe,ab
,spinnewüppenhaft,instabil,ab
de,Spinnoabend,Geselligkeit im Winter (ursprünglich mit Spinnrad und Handarbeiten),ab
de,Spinoat,Spinat,ab
,spiss,"dünn (hager), spitz",ab
de,Spissbüen,Spitzboden,ab
de,Spisse,"Mensch (dünn, hager)",ab
de,Spissen,Spitze,ab
de,Spitzmius,Spitzmaus,ab
de,Spitznoame,Spitzname,ab
,spletten,spreizen,ab
de,Splien,Spleen,ab
,splienig (splienich),spleenig,ab
dat,Splinthult,Splintholz,ab
,splitternoakend,splitternackt,ab
,spoan,sparen,ab
de,Spoan,Spaten,ab
de,Spoar; de Spoars,Sparren,ab
de,Spoarkasse,Sparkasse,ab
,spoarsoam,sparsam,ab
de,Spoarsoamkert,Sparsamkeit,ab
de,Spoaß,Spaß,ab
,spoaßig (spoaßich),spaßig,ab
,spoiken,spuken,ab
,spoikenhaftig (spoikenhaftich),gespenstisch,ab
de,Spoikenkieker,Hellseher,ab
dat,Spoiksel,Spuk,ab
,spoilen,spülen,ab
de,Spoilstein,Spülstein,ab
dat,Spoilwoater,Spülwasser,ab
de,Sport,Sport,hw
,spöttsk,"spöttisch, gering",ab
de,Spraaien,Stare,ab
,spreken,sprechen,ab
de,Spricker,Reisig zum Feuer anzünden,ab
,springen,springen,ab
de,Springhoase,"Heuschrecke, Kind (lebhaft)",ab
de,Springhoasenoabend,Treffen von Verliebten (am Mittwoch und Samstag),ab
de,Spriudel,Sprudel (Limonade),ab
de,Sproake,Sprache,ab
,sprützen,spritzen,ab
de,Sprützen,Spitze,ab
dat,Sprützenhius,"Spritzenhaus (Feuerwehrgerätehaus), Arrestzelle",ab
de,Spucht,Mensch (schmächtig),ab
,spüen,spüren,ab
de,Spuhen,Spuren,hw
,spuhen,gehorchen,hw
de,Staal,Stall,ab
de,Staaldür,Stalltür,ab
de,Staalhoasen,Kaninchen,ab
de,Staallucht,Stalllaterne,ab
,stäbig,"stabil, stämmig",ab
de,Stadt,Stadt,hw
de,Stadt; de Stehe,Stadt,ab
dat,Stammenne,Flaschenhals,ab
dat,Stammhius,Stammhaus,ab
de,Stampel,Stampfer,ab
,stampeln,stampfen,ab
de,Stamperaaie,Betonwerkstatt,ab
de,Stampketuffel,Kartoffelbrei,ab
dat,Standweer,Hochdruckwetterlage (beständig),ab
de,Stangen,Stange,ab
de,Stangen,"Schwein (jung, kein Ferkel)",ab
de,Stangenknail,Zimtstange,ab
de,Stänkeraaie,Stänkerei,ab
dat,Stankett,Staketenzaun,ab
de,Stänner,Ständer,ab
,stännern,herumstehen,ab
dat,Stännerweerk,Fachwerk,ab
,stännig (stännich),ständig,ab
de,Stärt; de Stäre,Schwanz,ab
de,Stärtreimen,Schwanzriemen (Pferdegeschirr),ab
de,Statiuer,Statur,ab
de,Steckroibe,Steckrübe,ab
de,Steckroibenscheole,landwirtschaftliche Fachschule,ab
dat,Steekiisen,Stecheisen,ab
,steerben (sturm),sterben (gestorben),ab
dat,Steerbenswoort,Sterbenswort,ab
dat,Steffkiend,Stiefkind,ab
de,Steffmoime,Stiefmutter,ab
de,Stefföllern,Stiefeltern,ab
de,Steffvoar,Stiefvater,ab
de,Stein,Stein,ab
,steken,stechen,ab
,stellen,stellen,ab
de,Stellmoaker,Stellmacher,ab
de,Steo,Stau,ab
,steoen,stauen,ab
de,Steohl,Stuhl,ab
dat,Steohlbein,Stuhlbein,ab
de,Steohlgang,Stuhlgang,ab
dat,Steohlküssen,Stuhlkissen,ab
de,Steohllihrnen,Stuhllehne,ab
de,Stich,Stich,ab
de,Stickbiehen,Stachelbeeren,ab
de,Sticken,Streichholz,ab
de,Stickheoßen,Keuchhusten,ab
,stickum,"heimlich, still",ab
,stiebe,steif,ab
,stiegen,steigen,ab
de,Stiehe,"Stelle, Stätte",ab
,stiehenwiese,stellenweise,ab
de,Stiepel,Stütze,ab
de,Stierbel,Stiefel,ab
de,Stierbelknecht,Stiefelknecht,ab
,stierbeln,stiefeln,ab
de,Stierke,Halsfleisch vom geschlachteten Schwein,ab
de,Stierl,Stiel,ab
de,Stierlpott,Stieltopf,ab
,stiften goahn,"flüchten, weglaufen",ab
,stille,"still, ruhig, leise",ab
de,Stillenfreidagg (Stillenfreidach),Karfreitag,ab
,stilleschwiegen,stillschweigen,ab
,stillken,heimlich,ab
de,Stillkenbieter,Wadenbeißer,ab
,stimmen,stimmen,ab
,stinkenfiul,stinkfaul,ab
,stinken (stünk),stinken (stank),ab
de,Stinkeraaie,Stinkerei,ab
,stippen,"nieseln, tunken",ab
de,Stippen,"Pickel, Punkt (kleiner Fleck)",ab
de,Stippgöarte,Stippgrütze,ab
dat,Stippsel,Tunke,ab
,stiuben (stauf),stauben (staubte),ab
,stiuken,stauchen,ab
de,Stiuken,Baumstumpf,ab
de,Stiupstärt,Stängel und Kerngehäuse vom Kernobst,ab
de,Stiuten,"Hefegebäck, Süßbrot",ab
de,Stiutenkerl,Stutenkerl,ab
dat,Stiutenkieken,"Kinderspiel (Zwei Personen sehen sich in die Augen, ohne eine Miene zu verziehen. Wer zuerst lacht, hat verloren.)",ab
dat,Stoafehenmirragg (Stoafehenmirrach),Schnippelbohneneintopf,ab
de,Stoah-in-Wegg (Stoah-in-Wech),"jemand der im Weg steht, Gegenstand der überflüssig ist",ab
de,Stoahl,Stahl,ab
de,Stoahlen,"Tischbein, Stuhlbein",ab
de,Stoahlfehen,Schreibfeder,ab
,stoahn,stehen,ab
,stoakelig (stoakelich),ungelenk gehen,ab
de,Stoaken,Holzstange,ab
de,Stoapel,Stapel,ab
,stoapeln,stapeln,ab
,stoark,stark,ab
de,Stoat,Staat,ab
,stoats,anstatt,ab
,stoatsk,stattlich,ab
de,Stockneegelken,Stocknelken,ab
,stockstiebe,stocksteif,ab
dat,Stockweerk,Stockwerk,ab
de,Stoff,"Staub, Stoff",ab
de,Stoffbaalen,Stoffballen,hw
de,Stökel,Schürhaken,ab
,stökeln,"stochern, aufwiegeln, anstoßen",ab
de,Stoobm,Stube (Wohnzimmer),ab
de,Stoppekoorf,Korb mit Stopfsachen,ab
de,Stöppel,Stoppel,ab
,stoppen,stopfen,ab
de,Stoppnoartel,Stopfnadel,ab
,störten,stoßen,ab
,stramme,"stramm, volltrunken",ab
,strammen,"ziehender Schmerz, einschnüren (zu enge Kleidung)",ab
de,Stratz,Spritzer,ab
dat,Strauh,Stroh,ab
de,Strauhbleomen,Strohblumen,ab
dat,Strauhdack,Strohdach,ab
de,Strauhdocken,Strohbüschel zum Abdichten von Dachziegeln (Rechtsdecker),ab
,strauhdoof,strohdumm,ab
de,Strauhfissen,Bindfaden für Strohbunde,ab
de,Strauhheot,Strohhut,ab
de,Strauhpuppen,Strohpuppe,ab
de,Strauhsack,Strohsack,ab
de,Strauhspier,Getreidehalm,ab
dat,Strauhwiep,Strohbündel (klein),ab
de,Strick,Spitzbube,ab
dat,Strick,Strick (kurzes Seil),ab
,strieken,streichen,ab
de,Strierke,Strich,ab
,strierkenvull,randvoll,ab
de,Striermel,"Stremel, Streifen (schmales Reststück)",ab
,strierpen,streicheln,ab
de,Striet,Streit,ab
,strieten,streiten,ab
de,Strieteraaie,Streiterei,ab
de,Striethammel,Streithammel,ab
de,Stritz,Spritzer,ab
de,Stritzebock,Melkschemel,ab
,stritzen,spritzen (kleiner Strahl),ab
,striube,schwergängig,ab
,striukeln,straucheln,ab
de,Striusk,Strauch,ab
de,Stroafe,Strafe,ab
de,Stroate,Straße,ab
de,Stroatengroaben,Straßengraben,ab
de,Stroatenoarberter,Straßenarbeiter,ab
de,Stroten,Speiseröhre,ab
,strükeln,straucheln,ab
,strullen,"urinieren, Flüssigkeit läuft im Strahl",ab
dat,Strumpband,Strumpfband,ab
de,Strümpe,Strümpfe,ab
de,"Strunk, Strünke",der Strunk,hw
,strunzen,angeben,ab
dat,Stücke,"Stück, Ackerstück",ab
de,Studierte,Akademiker,hw
dat,Stüer,Steuer (Lenkvorrichtung),ab
de,Stüer,Steuer (Finanzabgaben),ab
de,Stüern,Steuern (Finanzabgaben),ab
,stührnen,stöhnen,ab
de,Stülpen,Deckel,ab
,stulte,stolz,ab
,stump,stumpf,ab
de,Stump,Stumpf,ab
de,Stunne,Stunde,ab
de,Sturmhoaken,Sturmhaken,ab
de,Sturmliuken,Sturmluke,ab
de,Sturmlüchen,Petroleumlampe,ab
dat,Stürnzel,Neugeborenengeschenk,ab
de,Stürterbock,Stotterer (abfällig),ab
,stürtern,stottern,ab
de,Stüssel,Stütze,ab
,stüsseln,"abstützen (behelfsmäßig), stapeln (unordentlich)",ab
de,Stütk,Schwanzwurzel (bei Geflügel),ab
de,Stutz (uppen Stutz),Augenblick (sofort),ab
de,Subbelaaie,Schnitt (mit stumpfem Messer oder Säge),ab
,subbeln,schneiden (mit stumpfem Messer),ab
,süen,säuern,ab
de,Süger,Drainagerohr (kleiner Durchmesser),ab
de,Süke,Seuche,ab
,süken,siechen,ab
dat,Sülber,Silber,ab
,sülbige,dasselbe,ab
de,Sülen,"Säule, Weidepfahl (dick)",ab
de,Süll,Schwelle,ab
de,Sülte,Sülze,ab
,sümen,säumen,ab
,sümms,"selber, selbst",ab
,sümmsbacken,selbstgebacken,ab
de,Sump,Sumpf,ab
de,Sünne,"Sonne, Sünde",ab
dat,Sünnekindken,Marienkäfer (oder auch komischer Mensch),ab
de,Sünnematen,Martinstag,ab
,sünnen,sonnen,ab
de,Sünnenschien,Sonnenschein,ab
de,Sünnoabend,"Samstag, Sonnabend",ab
de,Süper,Säufer,ab
de,Sürgedießel,Gänsedistel,ab
de,Sürgen,Sau,ab
dat,Sürgeschwien,Schwein (weiblich),ab
,sürlk,"verdorben (Lebensmittel), säuerlich",ab
,süss,"früher, sonst",ab
dat,Süster,Schwester,ab
dat,Sutken,Schmierfink,ab
,szau,so,ab
,taalfoitken,"zappeln mit Beinen (hilflos, ohne Bodenberührung)",ab
de,Taalg,Talg,ab
de,Taalgen,Zweig,ab
dat,Taalglecht,Kerze,ab
de,Tacken,Zacke,ab
de,Tadder,Zittern,ab
,tadderig (tadderich),zitterig,ab
,Tagg (Tach),guten Tag,ab
,tamm,zahm,ab
,tamm moaken,zähmen,ab
de,Tante,Tante,ab
de,Tänte,Tand,ab
,tappen,zapfen,ab
de,Tappen,Zapfen,ab
dat,Tappenlock,Zapfenloch (im Fachwerk),ab
,tapziehen,tapezieren,ab
de,Tärnen,Zeh,ab
de,Taske,Frau (zickig),ab
de,Tasken,Tasche,ab
dat,Taskendeok,Taschentuch,ab
dat,Taskengeld,Taschengeld,ab
de,Taskeniuhe,Taschenuhr,ab
de,Taskenlucht,Taschenlampe,ab
dat,Taskenmest,Taschenmesser,ab
de,Tassen,Tasse,ab
de,Taum,Zaum,ab
,teergen,ärgern (andere ärgern),ab
de,Tehne,Zähne,ab
de,Tehnebreker,Zahnarzt,ab
de,Tehnekelln,Zahnschmerzen,ab
de,Tei,Tee,ab
dat,Teiaai,Teeei,ab
,teihn,ziehen,ab
de,Teikannen,Teekanne,ab
,teiken,zeichnen,ab
dat,Teiken,Zeichen,ab
de,Teilierpel,Teelöffel,ab
dat,Teisierbe,Teesieb,ab
,tellen,zählen,ab
de,Teller,Teller,ab
dat,Tellerbeoed,Tellerbord,ab
dat,Tellerschapp,Tellerschrank,ab
,Teller vull,Teller voll,ab
dat,Telt,Zelt,hw
,telten,zelten,hw
de,Tenöster,"Tornister, Schulranzen, Persönlichkeit (mit Ecken und Kanten)",ab
,teo,"zügig, zu",ab
,teoaaist,zuerst,ab
,teoballern,"verschlämmt (Acker), zuknallen",ab
,teobienen,zubinden,ab
,teobottern,zubuttern,ab
,teobringen,zubringen,ab
,teo bunt,unerträglich,ab
de,Teodecke,Zudecke,ab
,teodecken,zudecken,ab
,teodeon,"anreichen (Heu oder Korngarben), zutun",ab
dat,Teodeon,Zutun,ab
,teodregen,zutragen (heimlich berichten),ab
,teodrepen,zutreffen,ab
,teodrücken,zudrücken,ab
,teoe,"zu, geschlossen",ab
,teo Enne,"zu Ende, Schluss",ab
de,Teofall,Zufall,ab
,teofällig (teofällich),zufällig,ab
,teofeoern,zufüttern,ab
de,Teoflucht,Zuflucht,ab
,teofreisen,zufrieren,ab
,teofreten,zufressen,ab
,teofriehe,zufrieden,ab
de,Teogang,Zugang,ab
,teogange,"zugange, aktiv",ab
,teogeoe,zugute,ab
,teogierm,zugeben,ab
,teoglieke,zugleich,ab
,teogoahn,zugehen,ab
,teogriepen,zugreifen,ab
,teogrunne,zugrunde,ab
,teogürlen,zurieseln,ab
,teohanten,"beizeiten, rechtzeitig",hw
,teohaupe,zusammen,ab
,teohaupebienen,zusammenbinden,ab
,teohaupeküen,verkuppeln,ab
,teohaupetellen,zusammenzählen,ab
,teohegen,zukommen lassen,ab
,teoheoen,zuschlagen,ab
,teohius,zuhause,ab
,teohöarn,zuhören,ab
,teoken,"nächste, nächstes",ab
,teoken Joahr,nächstes Jahr,ab
,teoken Wierken,nächste Woche,ab
,teokieken,zusehen,ab
,teoklappen,zuklappen,ab
,teokniepen,zukneifen,ab
,teoknörpen,zuknöpfen,ab
,teokoken,zukochen,ab
,teokoppe stiegen,zu Kopfe steigen,ab
,teo kort,zu kurz,ab
,teo korte kurm,"zu kurz kommen, benachteiligen",ab
,teoküen,zureden,ab
,teoläen,dazulernen,ab
,teolaupen,zulaufen,ab
,teoleggen,zulegen,ab
,teoleibe,zuliebe,ab
,teolest,zuletzt,ab
,teo Liebe,zu Leibe,ab
,teo loate,zu spät,ab
,teoloaten,"zulassen, erlauben",ab
,teolustern,zuhören,ab
,teomeote,zumute,ab
,teomeoten,zumuten,ab
,teominnest,zumindest,ab
,teomoaken,zumachen,ab
,teomüen,zumauern,ab
,teonaaien,zunähen,hw
,teon annern,zum anderen,ab
,teonichte moaken,vernichten,ab
,teonierm,zunehmen,ab
,teooilen,Überblick verlieren,ab
,teopacken,zufassen,ab
,teopassekurm,zupassekommen,ab
,teopierken,zukleben,ab
,teoplanten,"bepflanzen, zupflanzen (Reststück),",ab
,teoploigen,zupflügen (Reststück),ab
,teopottekurm,zurechtkommen,ab
,teorecken,"anreichen, zureichen",ab
,teoreken,zurechnen,ab
,teoreopen,zurufen,ab
,teorichen,zurichten,ab
,teoroaen,zuraten,ab
,teosäggen,zusagen,ab
,teoschanne,zuschanden,ab
,teoscheostern,zuschustern,ab
,teoschicken,zuschicken,ab
,teoschieten,zuscheißen,ab
,teoschiuben,zuschieben,ab
de,Teoschlagghommer (Teoschlachhommer),Vorschlaghammer (beim Schmied und Auktionator),ab
,teoschliuten,zuschließen,ab
,teoschloan,zuschlagen,ab
,teoschmehen,zuschmieren,ab
,teoschmieten,"zuschmeißen, zuwerfen",ab
,teoschnaaien,zuschneien,ab
,teoschüppen,zuschaufeln,ab
,teosetten,"aufziehen (Tier zur Zucht verwenden), bedrängen (körperliche oder seelische Verletzung), dazusetzen, zusetzen (verstopfen)",ab
,teospierlen,zuspielen,ab
de,Teostand,Zustand,ab
,teostanne,zustande,ab
,teostännig (teostännich),zuständig,ab
,teosteken,"zustechen, zustecken",ab
,teostimmen,zustimmen,ab
,teostoahn,"zustehen, aussehen",ab
,teostoppen,zustopfen,ab
,teostörten,zustoßen,ab
,teoteihn,zuziehen,ab
,teo teo,zügig,ab
,teoteosetten,zuzusetzen (nichts zuzusetzen),ab
,teotreoen,zutrauen,ab
,teo tweien,zu zweit,ab
,teoulleraaist,zuallererst,ab
,teoullerlest,zuallerletzt,ab
,teovedeinen,dazuverdienen,ab
,teovelässig,zuverlässig,ab
de,Teovesicht,Zuversicht,ab
dat,Teovetreoen,Zuvertrauen,ab
,teo vierl,zu viel,ab
de,Teowass,"Zuwachs, Nachwuchs",ab
,teowassen,zuwachsen,ab
,teowielen,zuweilen,hw
,teowiernen,"zuwider, widerwärtig",ab
,teowossen,zugewachsen,ab
,ticken,stoßen (leicht),ab
,tiehen,zehren,ab
de,Tiehen,Zeiten,ab
de,Tielösken,"Narzissen, Osterglocken",ab
de,Tienen,Zinken,ab
,tiergen,neben,ab
,tiergenan,nebenan,ab
,tiergenangoahn,"nebenhergehen, Widerspruch einlegen",ab
,tiergenanner,nebeneinander,ab
,tiergenbi,nebenbei,ab
,tiergenheer,nebenher,ab
,tiergenteo,"nebenher, nebenbei, daneben",ab
de,Tierm,Hündin,ab
de,Tiet,Zeit,ab
,tietlierbens,zeitlebens,ab
de,Tietvedrief,Zeitvertreib,ab
,tietwiese,zeitweise,ab
de,Tiffen,Hund (klein),ab
de,Timmerlühe,Zimmerleute,ab
de,Timmermann,Zimmermann,ab
de,Timmermannsbielen,Zimmermannsbeil mit abgewinkeltem Stiel (diente zum seitlichen Behauen von Sparren und Balken) abgewinkeltem Stiel.,hw
,timmern,zimmern,ab
de,Timmerplass,Zimmerplatz,ab
de,Timpen,"Ecke, Spitze, Zipfel",ab
dat,Timpendeok,Dreieckstuch (bei der Tracht),ab
de,Tinnef,Unsinn,ab
de,Tinsen,Zinsen,ab
de,Tinshoahn,"Mann (leicht erregbar), Zinshahn",ab
de,Tippelbreoer,"Landstreicher, Geselle auf Wanderschaft",ab
de,Titte,"Zitze, Brust (weibl.)",ab
de,Tittentommen,BH,ab
de,Tittliunen,"Verlangen nach der Mutterbrust, Heimweh",ab
de,Tiuer,"Intervall (Beschwerden, Koliken usw.)",ab
de,Tiun; de Tüüne,Zaun,ab
de,Tiunirgel,Igel,ab
de,Tiusel,Rindvieh (zurückgeblieben),ab
de,Tiuske,Tausch,ab
,tiusken,tauschen,ab
de,Tiuten,Tüte,ab
de,Toafel,Tafel,ab
de,Toahn,Zahn,ab
de,Toahnbössen,Zahnbürste,ab
de,Toahndokter,Zahnarzt,ab
dat,Toahnfleisk,Zahnfleisch,ab
de,Toahnpiene,Zahnschmerzen,ab
dat,Toahnrad,Zahnrad,ab
de,Toahnwottel,Zahnwurzel,ab
,toahr,zäh,ab
,töamen,zäumen,ab
,tocken,locken,ab
de,Töge,"Unsinn, Unarten",ab
de,Toggbank (Tochbank),Ziehbank (Werkbank zum Festklemmen von Holz),ab
dat,Togggeschirr (Tochgeschirr),Zuggeschirr,ab
de,Togghoarken (Tochhoaken),Holzharke mit langen Zinken zum Garben ziehen,hw
dat,Toggiisen (Tochiisen),Zugeisen,ab
dat,Toggmest (Tochmest),Ziehmesser,ab
dat,Toggräap (Tochräap),Zugseil beim Gespann,ab
de,Togg (Toch),Zug,ab
,toiben,warten,ab
,töllig (töllich),zöllig,ab
de,Tommen,Kleiderhaken,ab
de,Tonten,"Kinder (abfällig), Haare (lang)",ab
de,Toorf,Torf,ab
de,Toorfkassen,Torfkiste,ab
de,Toorfkiuhlen,Torfkuhle,ab
dat,Toorfmest,Torfmesser,ab
de,Toorfmull,Torfmull,ab
de,Toorfplass,Torfplatz,ab
de,Toorfring (4 Potthüser),Torfring (24 Torfstücke ringförmig zum Kegel aufgestapelt),ab
,Toorf ringen,Torf ringen (Torfstücke ringförmig zum Trocknen aufstapeln),ab
de,Toorfspoan,Torfspaten,ab
de,Toorfstaal,Torflager,ab
,Toorf steken,Torf stechen,ab
de,Toorn,Turm,hw
de,Torrer,"Verwirrung, Streit",ab
,torrerig (torrerich),verheddern,ab
,torrern,verstreuen,ab
,trappieren,ertappen,ab
de,Traust,Trost,ab
,trechte,"zurecht, fertig",ab
,trechtekurm,zurechtkommem,ab
,trechteleggen,zurechtlegen,ab
,trechtemoaken,"zurechtmachen, vorbereiten",ab
de,Trechter,Trichter,ab
,trechtern,trichtern,ab
,trechtesetten,zurechtweisen,ab
,trechtestiuken,zurechtstauchen,ab
de,Trecken,Schublade,ab
,trecken,führen,ab
de,Trecker,Traktor,ab
,trehen,treten,ab
de,Trentel,"Scheibe (rund), Wurstscheibe",ab
,trenteln,Reifen treiben (Kinderspiel),ab
,treoe,treu,ab
de,Treoe,Treue,ab
de,Treoe,Treue,ab
,treoen,trauen,ab
de,Treoer,Trauer,ab
dat,Treoerhius,Trauerhaus,ab
de,Treoerlühe,Trauergesellschaft,ab
,treoern,trauern,ab
de,Treppen,Treppe,ab
de,Trett,"Tritt, Schritt",ab
de,Trieenkopp,Umlenkrolle,ab
,trierselig (trierselich),schwindelig,ab
,trierseln,taumeln,ab
de,Troaen,Wagenradspuren (tiefe),ab
de,Troan,Tran,ab
,troanen,tränen,ab
de,Troanen,Tränen,ab
,tröasten,trösten,ab
de,Tröate,Tröte,ab
,tröaten,tröten,ab
de,Tröateraaie,Tröterei,ab
de,Trogg (Troch),Trog,ab
de,Tropp,"Trupp, Gruppe, Herde, Rudel",ab
,trotzdem,trotzdem,ab
de,Trüen,Futterschöpfkelle,ab
,trügge,zurück,ab
,trüggebieten,"zurückbeißen, antworten (scharf)",ab
,trüggeblieben,zurückbleiben (auch geistig),ab
,trüggebringen,zurückbringen,ab
,trüggedenken,"erinnern, zurückdenken",ab
,trüggedrieben,zurücktreiben,ab
,trüggefoihen,zurückfahren,ab
,trüggegierm,zurückgeben,ab
,trüggegoahn,zurückgehen,ab
,trüggehaulen,zurückhalten,ab
,trüggeheoen,zurückhauen,ab
,trüggehoalen,zurückholen,ab
,trüggeiut,rückwärts,ab
,trüggekieken,zurückblicken,ab
,trüggekurm,zurückkommen,ab
,trüggelaupen,zurücklaufen,ab
,trüggeleggen,zurücklegen,ab
,trüggelihrnen,zurücklehnen,ab
,trüggeloaten,zurücklassen,ab
,trüggenierm,zurücknehmen,ab
,trüggeoars,rückwärts,ab
,trüggeschiuben,zurückschieben,ab
,trüggeschrieben,zurückschreiben,ab
,trüggesetten,zurücksetzen,ab
,trüggesteken,zurückstecken,ab
,trüggeszoppen,zurücksetzen (Gespann),ab
,trüggeteihn,zurückziehen,ab
de,Trüggewegg (Trüggewech),"Rückweg, Heimweg",ab
,trüggewiesen,zurückweisen,ab
de,Trummel,Trommel,ab
,trummeln,trommeln,ab
de,Tucht,"Zucht, Gegend (einsam und ablegen)",ab
,tüchten,züchten,ab
dat,Tuchthius,Zuchthaus,ab
dat,Tuchtschwien,Zuchtschwein,ab
de,Tuck,"Stoß, Augenblick",ab
de,Tucken,"Kleinigkeit (Maß, Zeit, Entfernung usw.)",ab
de,Tucksache,Augenblickssache,ab
,tuckschullern,Schulterzucken,ab
,tüddelig (tüddelich),verwirrt,ab
de,Tüge,Zeuge,ab
,tügen,zeugen,ab
,tülken,pinkeln (bei kleinen Kindern),ab
dat,Tull,Zoll,hw
de,Tüllen,Spitze für Zigarren oder Spritzbeutel,ab
de,Tullstock,Zollstock,hw
de,Tungen,Zunge,ab
de,Tungenbreker,Zungenbrecher,ab
de,Tungenschlagg (Tungenschlach),Zungenschlag,ab
de,Tunnen,Tonne,ab
de,Tunnenwulf,Mensch (dick und ungepflegt),ab
dat,Tuppen,Wanne,ab
de,Türgel,Zügel,ab
,türgeln,zügeln,ab
,turken,"gelingen, rauchen",ab
,turnen,turnen,ab
de,Turteldiuben,"Taubenart, Liebespärchen",ab
,tüsken,zwischen,ab
,tüskendür,zwischendurch,ab
,tüskenküen,dazwischenreden,ab
,tüskensteken,einmischen,ab
de,Tüskentiet,Zwischenzeit,ab
de,Tüügbössen (Tüüchbössen),Kleiderbürste,ab
dat,Tüüg (Tüüch),"Kleidung, Zeug",ab
,twaaie,"entzweit, zerbrochen, kaputt",ab
,twaaiebreken,zerbrechen,ab
,twaaiedrücken,kaputtdrücken,ab
,twaaiegoahn,kaputtgehen,ab
,twaaieheoen,kaputtschlagen,ab
,twaaierieten,kaputtreißen,ab
,twaaieschloan,kaputtschlagen,ab
,twaaieschniehen,kaputtschneiden,ab
de,Twang,Zwang,ab
,twangswiese,zwangsweise,ab
de,Twärnt,Zwirn,ab
de,Twärntsfohmt,Zwirnsfaden,ab
,twass,quer,ab
,twassaf,querab,ab
de,Twassbroaken,"Quertreiber, Seitentrieb",ab
de,Twasskopp,Querkopf,ab
,twassköppig (twassköppich),querköpfig,ab
,twassober,querüber,ab
de,Twassriergel,Querriegel (Kämpfer),ab
de,Twasstroate,Querstraße,hw
,tweibeinig (tweibeinich),zweibeinig,ab
,tweimoal,zweimal,ab
,tweischlöaperiget Berre,Doppelbett,ab
de,Tweispänner,Gespann mit zwei Zugtieren,ab
,tweispännig eten,essen mit Messer und Gabel,ab
,tweistöckig (tweistöckich),zweistöckig,ab
,"twei, tweie",zwei,ab
de,Twieback,Zwieback,ab
de,Twieg (Twiech),Zweig,ab
,twillen,gabeln,ab
de,Twillen,"Astgabel, Gummiflitsche",ab
de,Twillinge,Zwillinge,ab
,twingen,zwingen,ab
de,Twingen,Schraubzwinge,ab
,üben,üben,ab
de,Übunge,Übung,ab
,ull,"schon, bereits",ab
,ullärne,alleine,ab
de,Ulldagg (Ulldach),Alltag,ab
,ulldoages,alltags,ab
dat,Ulldoagestüüg (Ulldoagestüüch),Alltagskleidung,ab
,ulle,alle,ab
,ullebeste,allerbeste,ab
,ulle Doage,alle Tage,ab
,ullehand,allerhand,ab
,ullehaupe,alle zusammen,ab
,ulleleste,allerletzte,ab
,ulles,alles,ab
,ulletiet,jederzeit,ab
,"ullewärts, ullewegens",überall,ab
,ullhante,"manchmal, hin und wieder",ab
,ullteo,allzu,ab
,ullteovierl,allzu viel,ab
,ull wier,schon wieder,ab
,ümme,um,ab
,ümmebäarn,umrauschen (bei Sauen),ab
,ümmebienen,umbinden,ab
,ümmebloaen,umblättern,ab
,ümmeböagen,umbiegen,ab
,ümmeböcken,"umbocken (Ziege oder Schaf), Meinung ändern",ab
,ümmebreken,umbrechen,ab
,ümmebringen,umbringen,ab
,ümmebullen,umbullen (bei Rindern),ab
,ümmebündken,wechseln von Windeln,ab
,ümmedenken,umdenken,ab
,ümmedeon,"umtun, bekehren, ändern",ab
,ümmedörpen,umtaufen,ab
,ümmedraaihen,umdrehen,ab
,ümmedregen,umtragen,ab
,ümmefaalen,umfallen,ab
,ümmefoaten,umfassen,ab
,ümmefoihen,umfahren,ab
,ümmefüllen,umfüllen,ab
de,Ümmegang,Umgang (miteinander),ab
,ümmegeiten,umgießen,ab
,ümmegoahn,"behandeln (Umgang), umgehen",ab
,ümmegroaben,umgraben,ab
de,Ümmehang,Umhang,ab
,ümmehangen,umhängen,ab
,ümmehenn,umhin,ab
,ümmehöapen,umschichten (von Heuhaufen bei unbeständiger Witterung),ab
,ümmehöarn,"umhören, erkundigen",ab
,ümmehocken,Getreidegarben neu zum Trocknen aufstellen,ab
,ümmekieken,umsehen,ab
,ümmekippen,umkippen,ab
,ümmeknicken,umknicken,ab
,ümmekrempeln,umkrempeln,ab
,ümmekurm,umkommen,ab
de,Ümmeleitunge,Umleitung,ab
,ümmemeten,messen (erneut vermessen),ab
,ümmepiußen,umpusten,ab
,ümmeploigen,umpflügen,ab
,ümmeracken,umstoßen (unachtsam),ab
,ümmeroaken,umwerfen,ab
,ümmeroihen,umrühren,ab
,ümmesau,umso,ab
,ümmeschichtig (ümmeschichtich),abwechselnd,ab
de,Ümmeschlagg,"Umschlag, Umsatz",ab
,ümmeschmieten,umwerfen,ab
,ümmeschwenken,umschwenken,ab
,ümmesetten,umsetzen,ab
,ümmesöamen,umsäumen,ab
,ümmesoiken,sortieren,ab
,ümmespringen,umspringen,ab
de,Ümmestand; de Ümmestänne,Umstand,ab
,ümmeständlich,umständlich,ab
de,Ümmestänne,Schwangerschaft,ab
,ümmestiegen,umsteigen,ab
,ümmestülpen,umstülpen,ab
,ümmesüss,umsonst,ab
,ümmeteihn,umziehen,ab
,ümmeteo,herum,ab
,ümmetiusken,umtauschen,ab
de,Ümmewegg (Ümmewech),Umweg,ab
,ümmewesseln,umwechseln,ab
,un,und,ab
,unbännig (unbännich),unbändig,ab
,unbehulpen,unbeholfen,ab
,unbesoorget,unbesorgt,ab
,unbestännig (unbestännich),unbeständig,ab
,undankboar,undankbar,ab
,undütlig (undütlich),undeutlich,ab
,ungedüllig (ungedüllich),ungeduldig,ab
,ungefähr,ungefähr,ab
,ungeot,ungut,ab
,ungewiernt,ungewohnt,ab
,unglieke,ungleich,ab
dat,Unglücke,Unglück,ab
de,Unkel,Onkel,ab
,unkleok,unklug,ab
,unkloar,unklar,ab
,unlente,"unvernünftig, unverschämt",ab
de,Unminske,Unmensch,ab
,ünnen,unten,ab
,ünner,unter,ab
,ünnerbienen,unterbinden,ab
,ünnerboiten,einheizen,ab
de,Ünnerböxen,Unterhose,ab
,ünnerbreken,unterbrechen,ab
,ünnerdeilen,unterteilen,ab
,ünnerdiuken,untertauchen,ab
,ünnerdrücken,unterdrücken,ab
,ünnerdür,untendurch,ab
de,Ünnererdsken,Lebewesen (im Erdboden lebend),ab
,ünnerfüünsk,hinterhältig,ab
de,Ünnergang,Untergang,ab
,ünnergoahn,"untergehen, sinken",ab
,ünnerhaulen,unterhalten,ab
,ünnerheer,unterher,ab
dat,Ünnerhiermd,Unterhemd,ab
dat,Ünnerkinn,Doppelkinn,ab
,ünnerkriupen,unterkriechen,ab
,ünnerkurm,unterkommen,ab
dat,Ünnerlief,Unterleib,ab
de,Ünnerloage,"Unterlage, Bodenbretter vom Ackerwagen",ab
,ünnernanner,untereinander,ab
,ünnernierm,unternehmen,ab
de,Ünneroffizier,Unteroffizier,ab
,ünnerploigen,unterpflügen,ab
,ünnerrichen,unterrichten,ab
de,Ünnerricht,Unterricht,ab
de,Ünnerrock,Unterrock,ab
de,Ünnersatz,Untersatz,ab
,ünnerschaaien,unterscheiden,ab
de,Ünnerscheid,Unterschied,ab
,ünnerschloan,unterschlagen,ab
,ünnerschrieben,unterschreiben,ab
de,Ünnerschrift,Unterschrift,ab
,ünnersedt,untersetzt,ab
,ünnersoiken,untersuchen,ab
,ünnerste,untere,ab
,ünnerstoahn,"unterstehen, wagen",ab
,ünnerstrieken,unterstreichen,ab
,ünnerstüsseln,abstützen (provisorisch),ab
,ünnerstützen,unterstützen,ab
de,Ünnertassen,Untertasse,ab
,ünnerteihn,unterziehen,ab
,ünnerteo,"darunter, unterhalb",ab
de,Ünnerwäske,Unterwäsche,ab
,ünnerweges,unterwegs,ab
dat,Unneweer,Unwetter,ab
,unnöarig (unnöarich),unnötig,ab
,unnütte,unnütz,ab
de,Unoart,Unart,ab
,unpatt,ungerade (bei Zahlen),ab
,unriep,unreif,ab
de,Unroat,Unrat,ab
de,Untiet,Unzeit (ungelegen),ab
dat,Untüüg (Untüüch),Ungeziefer,ab
,unvescheemt,unverschämt,ab
,unvestännig (unvestännich),"unverständig, bewustlos",ab
dat,Unweer,Unwetter,ab
,up,auf,ab
,upbassen,aufplatzen,ab
,upbeoen,aufbauen,ab
,upbewoahen,aufbewahren,ab
,upbienen,aufbinden,ab
,upblieben,aufbleiben,ab
,upboiten,"verheizen, verbrennen",ab
,upbreken,aufbrechen,ab
,upbrennen,aufbrennen,ab
,upbringen,aufbringen,ab
,upbriuken,aufbrauchen,ab
,upbriusen,aufbrausen,ab
,upbühen,aufheben,ab
,updaaien,auftauen,ab
,updeilen,aufteilen,ab
,updeon,auftun (auf den Teller laden),ab
,updisken,auftischen,ab
,updiuken,auftauchen,ab
de,Updoat,Tauwetter,ab
,updönnern,"aufgetakelt, herausputzen (übertrieben), aufbrezeln",ab
,updraaihen,aufdrehen,ab
de,Updragg (Updrach),Auftrag,ab
,updrängen,aufdrängen,ab
,updregen,auftragen,ab
,updrieben,auftreiben,ab
,updrülken,aufwickeln (Haare auf Lockenwickler drehen),ab
,updullen,aufquellen,ab
,updunsen,aufgedunsen,ab
de,Upenthault,Aufenthalt,ab
,upeten,aufessen,ab
,upfaalen,auffallen,ab
,upfangen,auffangen,ab
,upfiulen,auffaulen,ab
de,Upfoahrt,Auffahrt,ab
,upfoarten,auffassen,ab
,upfoihen,auffahren,ab
,upfoorken,Kartoffeln mit der Forke aus dem Erdboden holen,ab
,upförrern,auffordern,ab
,upfreisen,hochfrieren (sich durch Frost heben),ab
,upfreten,auffressen,ab
,upfrisken,auffrischen,ab
,upfüllen,auffüllen,ab
,upgeiten,aufgießen,ab
,upgierm,aufgeben,ab
de,Upgoabe,Aufgabe,ab
,upgoabeln,aufgabeln,ab
,upgoahn,aufgehen,ab
,uphaalsen,aufhalsen,ab
,uphangen,"aufhängen, erhängen (Selbstmord)",ab
dat,Uphängsel,Schlaufe zum Aufhängen,ab
,uphaulen,aufhalten,ab
,uphegen,aufbewahren,ab
,uphelpen,aufhelfen,ab
,uphenn goahn,"vergangen (Zeit), verbraucht (Zeit)",ab
,uphissen,aufhetzen,ab
,uphiulen,aufheulen,ab
,uphöarn,aufhören,ab
,"uphörpen, uphüpen",aufhäufen,ab
,up iut sien,darauf aus sein,ab
,upjoagen,aufjagen,ab
,upklaaien,herausbuddeln von Kartoffeln,ab
,upklärn,aufklären,ab
,upkloarn,aufklaren,ab
,upknörpen,aufknöpfen,ab
,upknüppen,aufknoten,ab
,upkoken,aufkochen,ab
,upkrempeln,aufkrempeln,ab
,upkriegen,"aufkriegen, aufnehmen, öffnen, aufessen",ab
,upkurm,"aufkommen, entstehen, haften, bürgen",ab
,uplaupen,"auflaufen, aufgehen (Saat)",ab
,upleggen,auflegen,ab
,upliuern,auflauern,ab
,upliuern,auflauern,ab
,uploaen,aufladen,ab
de,Uploage,Auflage,ab
,uploaten,auflassen,ab
,upmeten,aufmessen,ab
,upmoaken,aufmachen,ab
,upmucken,aufmucken,ab
,upmutken,aufmöbeln,ab
,upnegeln,aufnageln,ab
,upnierm,aufnehmen,ab
de,Upniermer,Aufnehmer,ab
,uppassen,aufpassen,ab
,uppe,"auf, auf der, auf die",ab
,uppeblieben,aufbleiben,ab
dat,Uppehandpeerd,Pferd (links im Gespann),ab
,uppen,"auf dem, auf den",ab
,uppenanner,aufeinander,ab
,uppe sien,auf sein,ab
,uppiußen,aufpusten,ab
,uppliustern,aufplustern,ab
,uppumpen,aufpumpen,ab
,upquellen,aufquellen,ab
,upraffen,aufraffen,ab
,upregen,aufregen,ab
de,Upregunge,Aufregung,ab
,upribbeln,auflösen (von Gestricktem und Gehäkeltem),ab
,uprieten,"aufreißen, verschleißen (Kleidung)",ab
,uprisken,aufrichten,ab
,uprücken,aufrücken,ab
,uprümen,aufräumen,ab
,uprüsten,aufrüsten,ab
,upsäggen,aufsagen,ab
de,Upsatz,Aufsatz,ab
,upschiuben,aufschieben,ab
,upschliuten,aufschließen,ab
,upschloan,"aufschlagen, aufladen (Mist)",ab
,upschmierten,aufgeschmissen,ab
,upschmieten,aufwerfen,ab
,upschrieben,aufschreiben,ab
,upschüchtern,aufscheuchen,ab
,upschütten,aufschütteln,ab
,up sick hämmen,bedeuten,ab
,upsiugen,aufsaugen,ab
,upsoiken,aufsuchen,ab
,upsperrn,aufsperren,ab
,upsteken,aufstechen,ab
,upstellen,aufstellen,ab
,upsteoen,aufstauen,ab
,upstierns,"gegenwärtig, jetzt, nun",hw
,upstoahn,aufstehen,ab
,upstoapeln,aufstapeln,ab
,upstokeln,"aufstacheln, aufhetzen",ab
,upstörten,aufstoßen,ab
,upstund (upstunds),"zurzeit, jetzt, heutzutage",ab
,upteihn,aufziehen,ab
,uptellen,aufzählen,ab
,uptiergen,dagegen,ab
,uptoakeln,auftakeln,ab
,uptöamen,aufzäumen,ab
,uptrehen,auftreten,ab
,up Trillitt,auf Achse (zum Vergnügen),ab
,uptrumpfen,auftrumpfen,ab
,upt (up dat),auf das,ab
,up ulle Fälle,"auf jeden Fall, unbedingt",ab
,up un af,auf und ab,ab
,up un doal,"auf und nieder, rauf und runter",ab
de,Upwand,Aufwand,ab
,upwännig (upwännich),aufwändig,ab
de,Upwaskelappen,Abwaschlappen,ab
,upwasken,abwaschen,ab
dat,Upwaskewoater,Abwaschwasser,ab
,upwassen,aufwachsen,ab
,upwecken,aufwecken,ab
,upweermen,aufwärmen,ab
dat,Upweermsel,Aufgewärmtes (Essen),ab
,upweiken,aufweichen,ab
,upwellen,"blanchieren, aufwellen",ab
,upwiesen,aufweisen,ab
,upwoilen,aufwühlen,ab
,urault,uralt,ab
de,Urbär,Eber mit je einem Hoden innen und außen,ab
,ürbel,übel,ab
de,Ürbelkert,Übelkeit,ab
,urboar,urbar,ab
dat,Urdeil,Urteil,ab
,urdeilen,urteilen,ab
,uren,unordentlich leben,ab
de,Urkel,Ferkel (zurückgeblieben),ab
dat,Urksel,Abfall (feiner Abfall beim Dreschen von Holz oder Torf),ab
de,Uröllern,Ureltern,ab
,urseln,rieseln,ab
dat,Urßel,Abfall beim Dreschen,ab
,us,uns,ab
de,Üßen,Kröte,ab
,vaaieeckig (vaaieeckich),viereckig,ab
,vaaiespännig,vierspännig,ab
,van,von,ab
,van af,"entfernen, entledigen, los lassen, vergessen",hw
,van dor,von da,ab
,van dor an,"von da an, seitdem",ab
,van dür,aufbrechen,hw
,vannenanner,voneinander,ab
,vannen (van den),"vom, von dem",ab
,vanne (van de),"von der, von den",ab
,van niu an,von nun an,ab
,van sümms,von selbst,ab
,van Tiet teo Tiet,von Zeit zu Zeit,ab
,van wieten,von weitem,ab
de,Varre,Taufpate(in),ab
de,Vatte,Vater,ab
,veännern,verändern,ab
,veäppeln,"verulken, foppen",ab
,vebaaien,verbieten,ab
,vebaast,geschockt,ab
,veballern,verprassen,ab
de,Veband,Verband,ab
,vebeergen,verbergen,ab
,vebeoen,verbauen,ab
,vebetern,verbessern,ab
,vebi,vorbei,ab
,vebienen,verbinden,ab
,vebierten,verbissen,ab
,vebiestern,"verirrt, verlaufen, verrennen",ab
,vebieten,verbeißen (Wildverbiss),ab
,vebikurm,"vorbeikommen, besuchen",ab
,vebiulen,verbeulen,ab
,veblieben,verbleiben,ab
,vebloaihen,verblühen,ab
,veblöden,verblöden,ab
,vebloien,verbluten,ab
,veboagen,verborgen,hw
,veböagen,verbiegen,ab
,veboarseln,verlegen (Dinge),ab
,vebohen,verboten,ab
,vebohrt,verbohrt,ab
dat,Vebott,Verbot,ab
,vebreken,verbrechen,ab
de,Vebreker,Verbrecher,ab
,vebrennen,verbrennen,ab
de,Vebriuk,Verbrauch,ab
,vebriuken,verbrauchen,ab
,vebroaen,verbraten,ab
,vebroken,verbrochen,ab
,vebühen,verheben,ab
,vebummeln,verbummeln,ab
,vebürgen,verbürgen,ab
de,Vedacht,Verdacht,ab
,vedaddert,verdattert,ab
,vedann,"inzwischen, zwischenzeitlich",hw
,vedauen,verdauen,ab
,vedeerben,verderben,ab
de,Vedeerf,"Verderb, Vergänglichkeit",ab
,vedeilen,verteilen,ab
,vedeinen,verdienen,ab
,vedenken,"verdenken, verübeln",ab
,vedenne,"vorher, ab",ab
,vedeon,"vertun, irren",ab
,vedoamelt,"verzärtelt, verwöhnt, verspielt (Katzen, die ""vedoamelt"" sind, mausen nicht, sind lebensuntüchtig)",hw
,vedönnern,verdonnern (verurteilen),ab
,vedösten,verdursten,ab
,vedraaihen,verdrehen,ab
de,Vedragg (Vedrach),Vertrag,ab
,vedregen,vertragen,ab
,vedrieben,vertreiben,ab
,vedrinken,ertrinken,ab
,vedröagen,vertrocknen,ab
,vedrömmeln,"verschlafen, vergessen, verpassen",ab
,vedrücken,verdrücken,ab
,vedubbeln,verdoppeln,ab
,vedübeln,verteufeln,ab
,vedummdübeln,verulken (für dumm verkaufen),ab
,vedüstern,verdunkeln,ab
,vedütlichen,verdeutlichen,ab
,vedütsken,verdeutschen (energisch zurechtweisen),ab
,veeerben,vererben,ab
de,Veein,Verein,ab
,veenzeln,vereinzeln (z. B. Gemüsepflanzen),ab
,vefaalen,verfallen,ab
,vefangen,verfangen,ab
,vefeoern,verfüttern,ab
,vefiulen,verfaulen,ab
,veflogen,verflogen,ab
,veflötken,verpfeifen,ab
,vefoihen,verfahren,ab
,vefreisen,verfrieren,ab
,vefreten,verfressen,ab
,vefrohen,"verfroren, unterkühlt",ab
de,Vegang,"Schwund, Vergänglichkeit",ab
,vegierbens,vergeblich,ab
,vegierm,vergeben,ab
,vegierten,vergessen,ab
,vegiertern,vergesslich,ab
,veglieken,vergleichen,ab
,vegnoigen,vergnügen,ab
dat,Vegnoigen,Vergnügen,ab
,vegnoiget,vergnügt,ab
,vegoahn,vergehen,ab
,vegrellen,vergrellen,ab
,vegrellt,"vergrellt, erzürnt",ab
,vegriepen,vergreifen,ab
,vegroaben,vergraben,ab
,vegröttern,vergrößern,ab
,vegulden,vergolden,ab
,vehackstücken,"erklären, bereden, auseinandersetzen (sich mit etwas auseinandersetzen)",ab
,vehaften,verhaften,ab
,vehanneln,verhandeln,ab
,vehaspeln,versprechen,ab
,vehaspeln,verhaspeln,ab
,vehaulen,verhalten,ab
dat,Vehaulen,Verhalten,ab
,veheddern,verheddern,ab
,veheer,vorher,ab
,Veheerfst,im kommenden Herbst,ab
,vehelpen,verhelfen,ab
,vehinnern,verhindern,ab
,vehoalen,erholen,ab
dat,Vehöar,Verhör,ab
,vehöarn,verhören,ab
,vehungern,verhungern,ab
dat,Veih,Vieh,ab
de,Veihdokter,Tierarzt,ab
de,Veihkörper,Viehhändler,ab
de,Veihkürken,Viehküche,ab
de,Veihlierpel,Schöpfkelle für Viehfutter,ab
de,Veihmoark,Viehmarkt,ab
de,Veihstaal,Viehstall,ab
,vejoagen,"verjagen, erschrecken",ab
,vejöahrt,verjährt,ab
,vejuckeln,verprassen,ab
,vekährt,"verkehrt, falsch",ab
,vekehen,verkehren,ab
de,Vekehr,Verkehr,ab
,vekieken,"verlieben, vergucken, versehen (täuschen)",ab
,vekitten,verkitten,ab
,vekläen,verkleiden,ab
,vekloamt,"erkaltet, erfroren",ab
,vekloien,verfärben (Gesicht),ab
,vekloppen,verkloppen,ab
,veklüngeln,"verlegen, verlieren",ab
,veklürtern,"erklären, verklickern",ab
,veknacken,"verknacken, verknacksen",ab
,vekniepen,verkneifen,ab
,vekniusen,verknusen,ab
,veknüppen,"verknoten, verknüpfen",ab
,veknüücheln,zerknittern,ab
,vekohlen,verkohlen,ab
,vekoken,verkochen,ab
,vekörpen,verkaufen,ab
,veköstigen,verköstigen,ab
,vekriupen,verkriechen,ab
,vekrüen,verkrauten,ab
,veküen,versprechen,ab
,vekülgen,erkälten,ab
,vekurm,verkommen,ab
,veläen,verlernen,ab
,velährnen,verleihen,ab
,velangen,verlangen,ab
dat,Velangen,"Verlangen, Sehnsucht",ab
,velängern,verlängern,ab
,velaupen,verlaufen,ab
,velegen,verlegen (verschämt),ab
de,Velegenhert,Verlegenheit,ab
,veleggen,verlegen (Gegenstand),ab
,veleisen,verlieren,ab
,velichte,vielleicht,ab
de,Veloat,Verlass,ab
,veloaten,verlassen,ab
,veloben,verloben,ab
,veloddern,verwahrlosen,ab
,velogen,verlogen,ab
,velohen,verloren,ab
,velopp,verläuft,ab
,velustern,verhören,ab
,velüstig (velüstich),verloren gehen,ab
,vemärhen,vermehren,ab
,vemasseln,vermasseln,ab
,vemeten,vermessen,ab
,vemirragg (vemirrach),heute Mittag,ab
,vemissen,vermissen,ab
,vemoahnen,ermahnen,ab
,vemoaken,"vermachen, vererben",ab
,vemöbeln,"vermöbeln, verprügeln",ab
,vemohen,heute Morgen,ab
,vemoien,ermüden,ab
,vemuckt,tatsächlich,ab
,vemuckt naumoal,verflixt nochmal,ab
,"venaahen, venaahen hämmen, venaahen kriegen",verulken,ab
,venacht,heute Nacht,ab
,venahen,veräppeln,hw
,venammdagg (venammdach),heute Nachmittag,ab
,vendagg,"ans Licht, zu Tage bringen",hw
,vendagg kurm,ans Licht gekommen,hw
,vendoage,heute,ab
,venient,entzündet,ab
,venoabend,heute Abend,ab
,vepassen,verpassen,ab
,vepissen,verpissen,ab
,vepiußen,verpusten,ab
,vepulvern,verpulvern,ab
de,Veputz,Verputz,ab
,veputzen,verputzen,ab
,verecken,verrecken,ab
,vereengen,verregnen,ab
,vereken,verrechnen,ab
,veriut,voraus,ab
,veroaen,verraten,ab
,veröaken,verräuchern,ab
de,Versk,Vers,ab
,verückt,verrückt,ab
de,Verückte,Verrückter,ab
,verungenaaien,ruinieren,ab
,verupp,voraus (aufwärts),ab
,verustern,verrosten,ab
,vesacken,versacken,ab
,vesammeln,versammeln,ab
,vescheemt,verschämt,ab
,veschliuken,verschlucken,ab
,veschloan,"hinterlistig, verschlagen, leicht erwärmt (Luft)",ab
,veschloapen,verschlafen,ab
,veschlonzen,verschludern,ab
,veschlüen,verlegen (Gegenstand),ab
,veschmachen,verschmachten,ab
,veschmieten,verwerfen,hw
,veschnaaien,verschneien,ab
,veschoalen,verschalen,ab
,veschwiegen,verschwiegen,ab
,veschwinnen (veschwunnen),verschwinden (verschwunden),ab
dat,Veseihn,Versehen,ab
,veseihn (sick veseihn),versehen (sich versehen),ab
de,Vesienen,Besuch,ab
,vesiupen,"versaufen, ertrinken",ab
,vesohlen,versohlen,ab
,vesoiken,versuchen,ab
,vesölten,versalzen,ab
,vesoorgen,versorgen,ab
,vesperrn,versperren,ab
,vespierlen,verspielen,ab
de,Vestand,Verstand,ab
,vesteerben (vesturm),versterben (verstorben),ab
,vesteken,verstecken,ab
,vestiuken,verstauchen,ab
,vestoahn,verstehen,ab
,vesülbern,versilbern (zu Geld machen),ab
,vesümen,versäumen,ab
,vesünnigen,versündigen,ab
,vetellen,erzählen,ab
dat,Vetellsel,"Erzählung, Geschichte (Erzählung)",ab
,veticken,"essen (viel), verkaufen",ab
,vetiehen,verzehren,ab
,vetinsen,verzinsen,ab
,vetiusken,vertauschen,ab
,vetobacken,verhauen,ab
,vetogen,verzogen,ab
,vetorrern,"verlieren, verlegen",ab
,vetrehen,vertreten,ab
,vetwass,"verquer, ungelegen",ab
,veunglücken,verunglücken,ab
,veürbeln,verübeln,ab
,veurdeilen,verurteilen,ab
,vewämsen,verprügeln,ab
,vewasken,verwaschen,ab
,vewassen,verwachsen,ab
,vewegen,verwegen,ab
,vewesseln,verwechseln,ab
,vewielen,verweilen,ab
,vewienen,"überwinden, verschmerzen",ab
,vewiernen,verwöhnen,ab
,vewittken,"verschwenden, Geld leichtfertig ausgeben",ab
,vewittken,verschwenden,ab
,vewoahen,verwahren,ab
,vewunnern,verwundern,ab
,vewünsken,verwünschen,ab
,vezichen,verzichten,ab
,vierl,viel,ab
de,Vigeline,Geige,ab
de,Vigelinenstrieker,Geiger,ab
de,Voar,Vater,ab
dat,Vörtel,Viertel,ab
dat,Vulk,Volk,ab
,vull,voll,ab
de,Vullboart,Vollbart,ab
,vuller,voller,ab
,vullfreten,vollfressen,ab
de,Vullhert,"Vollheit, Gedränge",ab
,vullkurm,vollkommen,ab
de,Vullmacht,Vollmacht,ab
,vullmoaken,"vollmachen, füllen",ab
,vullproppen,vollstopfen,ab
,vullsabbern,vollsabbern,ab
,vullschieten,vollscheißen,ab
,vullschlabbern,vollkleckern,ab
,vullstännig (vullstännich),vollständig,ab
,vündoage,heute,ab
,vünter,vorhin,hw
,vür,vor,ab
,vüran,voran,ab
,vürbestellen,vorbestellen,ab
,vürchte,vorherige,ab
,vürdoal,vorher,ab
de,Vurgel,Vogel,ab
de,Vurgelbiehen,Vogelbeeren (Eberesche),ab
de,Vurgelbiuer,Vogelkäfig,ab
de,Vurgelschieten,Vogelscheiße,ab
,vürgistern,vorgestern,ab
,vürheer,vorher,ab
,vürheerschniehen,"abschneiden (Scheiben von Wurst, Käse, Brot usw.)",ab
,vürknörpen,"vorknöpfen, maßregeln",hw
,vürkurm,vorkommen,ab
,vürmoaken,"vormachen, Theater spielen",ab
,vürne,vorne,ab
,vürniehrm,vornehm,ab
de,Vürschlagghommer (Vürschlachhommer),Vorschlaghammer,ab
,vürsichtig (vürsichtich),vorsichtig,ab
,vürwärts,vorwärts,ab
de,Waaide,Weide,ab
,waaien,jäten von Unkraut,ab
de,Waaihemührlen,Windfege (Gerät zur Reinigung von Getreide und Saatgut),ab
,waaihen,wehen,ab
de,Wääske,Frau (alte Tante),ab
,wabbelig (wabbelich),wabbelig,ab
,wach,wach,ab
,wach blieben,wach bleiben,ab
dat,Wachsdeok,Wachstuch,ab
,wach sien,wach sein,ab
de,Wächte,Waage,ab
,wach wern,aufwachen,ab
,wacke,"schön, gesund",ab
,wägen,wiegen (Kind schaukeln),ab
de,Wägen,Kinderwiege für Säuglinge,ab
,wall,wohl (Verwendung in Fragesätzen),ab
,wall (wutt diu wall heerkurm),wohl (Bekräftigung einer Aufforderung),ab
de,Walnott; de Walnürte,Walnuss,ab
de,Walnottsbaum,Walnussbaum,ab
,walten,walzen,ab
de,Walten,Walze,ab
,wältern,wälzen,ab
de,Wand; de Wänne,Wand,ab
,wanken,besuchen (gegenseitig),ab
,wann,wann,ab
,warnen,warnen,ab
de,Wäske,Wäsche,ab
de,Waskelappen,Waschlappen,ab
,wasken,waschen,ab
de,Waskkürken,Waschküche,ab
de,Waskmeschinen,Waschmaschine,ab
dat,Wasktuppen,Waschwanne aus verzinktem Blech,ab
,wassen,wachsen,ab
dat,Wassenweer,Wachstumswetter,ab
,wat,"was, etwas",ab
,wat up sick hämmen,bedeuten,ab
de,Wauld,Wald,ab
,wecke,"welche, welcher, manche",ab
,wecket,welches,ab
de,Weeldoage,Tage des Übermutes,ab
,weelig (weelich),übermütig,ab
dat,Weer,Wetter,ab
dat,Weerk,Werk,ab
de,Weerke,Stallarbeit (alltäglich),ab
de,Weerkstiehe,Werkstatt,ab
dat,Weerktüüg (Werktüüch),Werkzeug,ab
dat,Weerlüchen,Wetterleuchten,ab
,weermen,wärmen,ab
de,Weermte,Wärme,ab
,weert,wert,ab
de,Weert,Wert,ab
,wege,weg,ab
,wegen,"wegen, wiegen",ab
,weggblieben (wechblieben),wegbleiben,ab
,weggbloasen (wechbloasen),wegblasen,ab
,weggbringen (wechbringen),wegbringen,ab
,weggdeon (wechdeon),weggeben,ab
de,Wegg; de Wege,Weg,ab
,weggdrieben (wechdrieben),wegtreiben,ab
,weggfleigen (wechfleigen),wegfliegen,ab
,weggfleiten (wechfleiten),wegfließen,ab
,weggfoihen (wechfoihen),"wegfahren, verreisen",ab
,weggfraaien,heiraten und wegziehen,ab
,wegggeiten (wechgeiten),"weggießen, wegschütten",ab
,wegggierm (wechgierm),weggeben,ab
,wegggoahn (wechgoahn),weggehen,ab
,weggjoagen (wechjoagen),"fortjagen, vertreiben",ab
,weggkieken (wechkieken),"wegsehen, ignorieren",ab
,weggkurm (wechkurm),abhandenkommen,ab
,wegglaupen (wechlaupen),weglaufen,ab
,weggmoaken (wechmoaken),"entfernen, abtreiben",ab
,weggnierm (wechnierm),wegnehmen,ab
,weggpacken,wegpacken,ab
,weggrieten (wechrieten),wegreißen,ab
,weggscheehen,wegscheren,ab
,weggschicken,"wegschicken, abweisen",ab
,weggschiuben,wegschieben,ab
,weggschlieken (wechschlieken),wegschleichen,ab
,weggschlierpen (wechschlierpen),wegschleppen,ab
,weggschliuten (wechschliuten),wegschließen,ab
,weggschmieten (wechschmieten),"wegschmeißen, wegwerfen, entsorgen",ab
,weggschnappen (wechschnappen),wegschnappen,ab
,weggsetten (wechsetten),wegsetzen,ab
,weggspoilen (wechspoilen),wegspülen,ab
,weggsteken (wechsteken),wegstecken,ab
,weggsturm (wechsturm),verstorben,ab
,weggteihn (wechteihn),wegziehen,ab
,wegg (wech),"her, weg",ab
,weih,weh,ab
,weihdeon,"verletzen, wehtun",ab
de,Weihdoage,Schmerzen,ab
,weik,weich,ab
,weil,weil,ab
de,Weiten,Weizen,ab
dat,Weitenbraut,Weizenbrot,ab
dat,Weitenmehl,Weizenmehl,ab
,well,will,hw
dat,Wellerhult,Wellerholz (Holz für Lehmbauweise),ab
,wellern,bauen in Lehmbauweise (mit Holz und Stroh),ab
dat,Wellerweerk,Lehmdecke und Lehmwand (mit Holz und Stroh),ab
de,Welt,Welt,ab
,wen,"wen, wem",ab
dat,Wendken,Kleid (abschätzig bewertet),ab
de,Wenk,Wink,ab
,wenken,winken,ab
,wenn,wenn,ab
,wennen,"wenden, schälen (flach pflügen)",ab
,wer,wer,ab
,werd,"wird, werden",ab
,wern,werden,ab
,wernigstens (wernichstens),wenigstens,ab
,wernig (wernich),wenig,ab
de,Werre,Wette,ab
de,Wessel,Wechsel,ab
dat,Wesselgeld,Wechselgeld,ab
de,Wesseljoahre,Wechseljahre,ab
,wesseln,wechseln,ab
de,Westentasken,Westentasche,ab
de,Westfoalen,Westfalen,ab
,wi,wir,ab
de,Wichse,"Prügel, Wichse (Schuhcreme)",ab
de,Wichsebössen,Schuhbürste,ab
,wichsen,"eincremen von Lederwaren, prügeln",ab
de,Wichsenask,Schuhcremedose,ab
de,Wickel,Zigarrenrohling,ab
de,Wickeldisk,Wickeltisch (zur Anfertigung von Zigarren),ab
de,Wickeldisk,Wickeltisch (für Babys),ab
,wickeln,wickeln,ab
de,Wicken,"Wicken (Blume, Futterpflanze)",ab
,wie,"wie, als",ab
de,Wieberschluck,Likör,ab
dat,Wiebertüüg (Wiebertüüch),Frauenthemen (spezielle),ab
dat,Wief; de Wieber,"Weib, Frau",ab
dat,Wiefken,weibliches Tier,ab
,wiehen,wehren,ab
de,Wiehen,Weide (Baum),ab
de,Wiehenbaum,Weidenbaum,ab
de,Wiehenbusk,Weidenbusch,ab
dat,Wiehenhult,Weidenholz,ab
de,Wiehm,"Aufbewahrungsort für geräucherte Wurst und Schinken (Ort unter der Dielendecke vor dem Flett für Räucherware ""Westfälischer Himmel""), erhöhter Sitz für die Hühner im Hühnerstall.",ab
,Wiehnachen,Weihnachten,ab
de,Wiehnachtsbaum,Weihnachtsbaum,ab
de,Wiehnachtsfiehe,Weihnachtsfeier,ab
,wieken,weichen,ab
,wield,wild,ab
de,Wiele,Weile,ab
de,Wiemwupp,Maulwurf,ab
de,Wiemwuppsfaalgen,Maulwurfsfalle,ab
de,Wiemwuppshaupen,Maulwurfshaufen,ab
de,Wien,Wein,ab
de,Wiend,Wind,ab
dat,Wiendaai,Windei,ab
de,Wiendbreere,Windbretter,ab
de,Wiendbühl,Windbeutel,ab
de,Wiendmührlen,Windmühle,ab
de,Wiendriuben,Weintrauben,ab
,wiendscheibe,windschief,ab
,wiendstille,windstill,ab
dat,Wienglass,Weinglas,ab
,wienig (wienich),windig,ab
de,Wienpullen,Weinflasche,ab
,wier,wieder,ab
,wierbringen,wiederbringen,ab
,wierfienen,wiederfinden,ab
,wierhämmen,wiederhaben,ab
,wierhoalen,wiederholen,ab
de,Wierhülpe,Gegenleistung,ab
de,Wierken,Woche,ab
dat,Wierkenberre,Wochenbett,ab
de,Wierkenbesuch,Wochenbesuch,ab
de,Wierkendagg (Wierkendach),Wochentag,ab
dat,Wierkenwief,Wöchnerin,ab
,wierkriegen,"wiederbekommen, wiederkriegen",ab
,wierkurm,wiederkommen,ab
,wierlk,welk,ab
,wiermeln,wimmeln,ab
de,Wiermelstärt,Zappelphilipp,ab
,wiernen,gewöhnen,ab
,wiersäggen,"petzen, wiedersagen",ab
de,Wiersebaum,Bindebaum für Heu- und Strohwagen,ab
,wierseihn,wiedersehen,ab
de,Wierser,Weser,ab
,wierten,wissen,ab
dat,Wierwoort; de Wierwööre,Widerwort,ab
,wiesau,wieso,ab
,wiese,weise,ab
,wiesen,"weisen, zeigen",ab
,wiesmoaken,"weismachen, erklären",ab
,wiet,weit,ab
,wieter,weiter,ab
,wietersäggen,weitersagen,ab
de,Willen,Wille(n),ab
de,Winter,Winter,ab
de,Winterdagg (Winterdach),Wintertag,ab
,winterdoages,wintertags,ab
de,Wintergassen,Wintergerste,ab
de,Wintersoat,Wintersaat,ab
de,Wippstärt,Bachstelze,ab
de,Wirhoaken,Widerhaken,ab
de,Wirschien,Widerschein,ab
de,Wirsinn,Widersinn,ab
,wirsinnig (wirsinnich),"starrsinnig, widersinnig",ab
de,Wisk,Wiese,ab
de,Wiskdünger,Wiesendünger (Mist und Erde schichtweise aufgesetzt),ab
de,Wiskelappen,Putzlappen,ab
,wisken,wischen,ab
,witt,weiß,ab
dat,Wittbraut,Weißbrot,ab
,wittbunt,weißbunt,ab
de,Wittfrost,Rauhreif,ab
de,Wittkekaalk,Weißkalk,ab
,wittken,weißen (Wände mit Kalk streichen),ab
de,Wittkequass,Quast,ab
de,Wittkopp,Blondschopf,ab
de,Wittnaaiske,Weißnäherin,ab
,wittschierterig (wittschierterich),blass,ab
,wittschnürterig (wittschnürterich),blass,ab
de,Wittschnüsk,Hauttyp (blass),ab
dat,Wittsel,Eiweiß,ab
de,Wiut,Wut,ab
,wo,wo,ab
de,Woaben,Honigwaben,ab
de,Woagen,Wagen,ab
de,Woagendießen,Woagendeichsel,ab
de,Woagenlucht,Wagenlampe,ab
de,Woagenmoaker,Wagenmacher,ab
dat,Woagenrad,Wagenrad,ab
dat,Woagenschiuer,Wagenunterstand,ab
dat,Woagenstell,Wagengestell (Grundgerüst),ab
de,Woagentroaen,Spuren von Speichenrädern im weichen Boden,ab
,woahen,lagerfähig (Obst u. Gemüse),ab
,woahr,wahr,ab
,woahr di,"pass auf, Achtung (letzte Warnung)",ab
,woahrhaftig (woahrhaftich),wahrhaftig,ab
de,Woahrhert,Wahrheit,ab
,woahrnierm,wahrnehmen,ab
,woahrsäggen,wahrsagen,ab
de,Woahrsägger,Wahrsager,ab
,woaken,wachen,ab
,woanners,woanders,ab
,woarm,warm,ab
de,Woarten,Warze,ab
dat,Woater,Wasser,ab
de,Woaterpullen,Wasserflasche,ab
,woaterstiebe,klebrig (Wasserstreifen im Backwerk),ab
de,Woaterwoage,Wasserwaage,ab
,wobi,wobei,ab
de,Wocken,Flachswickel (Rohmaterial zum Spinnen),ab
dat,Wockenblatt,Pappband mit Spruch und Verzierungen am Flachswickel (beim Spinnrad),ab
de,Wockenstock,Stock für Flachswickel,ab
,wodenne,woher,ab
,wodür,wodurch,ab
,wo foaken,wie oft,ab
,wofür,wofür,ab
,woheer,woher,ab
,wohenn,wohin,ab
,woilen,wühlen,ab
de,Woiler,Wühler (Schwerstarbeiter),ab
,woisen,"essen (viel, hastig und unmanierlich)",ab
,woiste,"grobschlächtig, wüst",ab
,womiehe,womit,ab
,wonaaie,wann,ab
dat,Wöörbeok,Wörterbuch,ab
dat,Woort; de Wööre,Wort,ab
dat,Wöpkenbraut,"Wurstbrot (Kugel aus Schweineblut, Roggenschrot, Speckwürfel, wenig Schweinefleisch und Gewürze)",ab
,woran,woran,ab
,worober,worüber,ab
,worümme,warum,ab
,worupp,worauf,ab
,wössen,wursten (Fleischverarbeitung),ab
de,Wost; de Wöste,Wurst,ab
de,Wöstefinger,Wurstfinger,ab
de,Wöstefissen,Wurstbindfaden,ab
de,Wöstekiertel,Wurstkessel,ab
de,Wöstestock,Stock zum Wurst aufhängen,ab
de,Wostschieben,Wurstscheibe,ab
,woteo,wozu,ab
de,Wottel,"Möhre, Wurzel",ab
de,Wottelburg,Mensch (klein),ab
,wovan,wovon,ab
de,Wrist,Spann,ab
,wrutzen,"arbeiten (schwer), wühlen",ab
de,Wulf,"Wolf, Wundsein am Po",ab
de,Wulken,Wolke,ab
de,Wulkenbruch,Wolkenbruch,ab
,wullacken,malochen,ab
dat,Wulldeok,Wolltuch,ab
de,Wulle,Wolle,ab
,wüllen,Gestricktes aus Wolle,ab
dat,Wullgoarn,Wollgarn,ab
dat,Wullgräss,Wollgras,ab
dat,Wullkleoen,Wollknäuel,ab
de,Wullmüse,Wollmäuse,ab
de,Wullmüssen,Wollmütze,ab
de,Wunne,Wunde,ab
dat,Wunner,Wunder,ab
,wunnerboar,wunderbar,ab
,wunnerlick,wunderlich,ab
,wunnern,wundern,ab
,Wunners wat,Besonderheit (etwas ganz Besonderes),hw
dat,Wunnerweerk,Wunderwerk,ab
de,Wunsk,Wunsch,hw
,wünsken,wünschen,ab
,wünskensweert,wünschenswert,ab
,wuppen,heben (schwer),ab
de,Wüppen,Wippe,ab
,wüppen,wippen,ab
,würken,weben,ab
de,Würker,Weber,ab
de,Würkesteohl,Webstuhl,ab
dat,Würksel,Gewebtes,ab
de,Wurm; de Würmer,Wurm,ab
,wurmsteeks,wurmstichig,ab
,wurnen,wohnen,ab
,wutt,willst,ab
,wutte wall … (wutt diu wall …),willst du wohl …,ab
,wutte (wutt diu),willst du,ab
,zackenaaien,rennen,ab
dat,Zapp,"Zuckerrübensirup, Rübenkraut",ab
dat,Zappbraut,Brot (süß) mit Rosinen und Rübenkrautaufstrich und Kaffee gebacken,hw
de,Zappedeus,Kopf,ab
,zappen,"schwatzen, bluten (heftig)",ab
,zappendüster,"dunkel (extrem), aussichtslos",ab
de,Zappkeoken,Lebkuchen mit Rübenkraut gebacken,hw
de,Zegaarn,"Zigarre, Rüge",ab
de,Zegaarndisk,Zigarrentisch,ab
de,Zegaarnfebriek,Zigarrenfabrik,ab
dat,Zegaarnmest,Zigarrenmesser,ab
de,Zegaarnmoaker,Zigarrenmacher,ab
de,Zegaarnspitzen,Zigarrenspitze,ab
de,Zeitung,Zeitung,ab
de,Zeitungsdreger,Zeitungsbote,ab
de,Zelinner,Zylinder,ab
de,Zelinnerputzer,Moorkolben,ab
de,Zereinen,Flieder,ab
de,Zichurgen,"Zichorie (Wegwarte, Pflanzenwurzel als Kaffee-Ersatz)",ab
de,Zichurgenkaffe,Kaffee-Ersatz (aus den Wurzeln der Zichorie),ab
de,Ziepel,Zwiebel,ab
de,Ziergen,Ziege,ab
de,Ziergenboart,Ziegenbart,ab
de,Ziergenkürtel,Ziegenköttel,ab
,zierpken,zwitschern (von jungen Vögeln),ab
de,Zierroat,Zierrat,ab
de,Ziertel,Zettel,ab
,zinken,verzinkt,ab
de,Zinkömmer,Zinkeimer,ab
,zisken,"zischen, betrinken",ab
dat,Ziskewoater,Sprudel (Limonade),ab
de,Zissi,Orangenlimonade,ab
de,Zitreonen,Zitrone,ab
de,Ziuken,Hund (klein),ab
de,Zoahl; de Zoahlen,Zahl,ab
de,Zossen,"Pferd (altes, ungepflegtes)",ab
,zü,"so, siehe",ab
de,Zuckerfisk,Bonbon,ab
de,Zuckerkeoken,Zuckerkuchen,ab
de,Zuckerroibe,Zuckerrübe,ab
de,Zuggsaalben (Zuchsaalben),Zugsalbe,ab
de,Zuggvürgel (Zuchvürgel),Zugvögel,ab
de,Zugg (Zuch),"Antrieb (innerer), Durchzug, Eisenbahn",ab
,züpken,nippen,ab
de,Zuppen,Suppe,ab
dat,Zuppenfleisk,Suppenfleisch,ab
dat,Zuppenheohn,Suppenhuhn,ab
dat,Zuppenkriut,Suppenkraut,ab
de,Zuppenlierpel,Suppenlöffel,ab
de,Zuppenpott,Suppentopf,ab
de,Zuppenschöttel,Suppenschüssel,ab
